mes,id_subsistema,nom_subsistema,carga_mwmed_media_mes,energia_estimada_mwh_mes,dias_no_mes,valores_imputados
2015-01-01,N,Norte,4992.721399193226,3714584.72099976,31,0
2015-01-01,NE,Nordeste,10042.264085604516,7471444.47968976,31,0
2015-01-01,S,Sul,11607.682456572582,8636115.74769,31,0
2015-01-01,SE,Sudeste/Centro-Oeste,40467.71431451645,30107979.45000024,31,0
2015-02-01,N,Norte,5002.300205356785,3361545.73799976,28,0
2015-02-01,NE,Nordeste,10003.646017432857,6722450.12371488,28,0
2015-02-01,S,Sul,11707.07816716857,7867156.52833728,28,0
2015-02-01,SE,Sudeste/Centro-Oeste,39133.78258908964,26297901.89986824,28,0
2015-03-01,N,Norte,5091.454929211613,3788042.46733344,31,0
2015-03-01,NE,Nordeste,10058.703664083225,7483675.52607792,31,0
2015-03-01,S,Sul,11622.857322081934,8647405.84762896,31,0
2015-03-01,SE,Sudeste/Centro-Oeste,38210.43229966032,28428561.63094728,31,0
2015-04-01,N,Norte,5163.634227778666,3717816.64400064,30,1
2015-04-01,NE,Nordeste,10070.8968726765,7251045.74832708,30,1
2015-04-01,S,Sul,10478.206839759167,7544308.9246266,30,1
2015-04-01,SE,Sudeste/Centro-Oeste,35811.95469638483,25784607.38139708,30,1
2015-05-01,N,Norte,5120.860087365484,3809919.90499992,31,0
2015-05-01,NE,Nordeste,9804.350262011934,7294436.59493688,31,0
2015-05-01,S,Sul,9837.77302829258,7319303.13304968,31,0
2015-05-01,SE,Sudeste/Centro-Oeste,33218.030844086126,24714214.94800008,31,0
2015-06-01,N,Norte,5086.498749614667,3662279.09972256,30,0
2015-06-01,NE,Nordeste,9447.666171371,6802319.64338712,30,0
2015-06-01,S,Sul,9769.189784721668,7033816.6449996,30,0
2015-06-01,SE,Sudeste/Centro-Oeste,32475.56500680867,23382406.80490224,30,0
2015-07-01,N,Norte,5020.198208333549,3735027.4670001604,31,0
2015-07-01,NE,Nordeste,9109.736863205484,6777644.22622488,31,0
2015-07-01,S,Sul,9805.117551533871,7295007.4583412,31,0
2015-07-01,SE,Sudeste/Centro-Oeste,33015.54693414,24563566.91900016,31,0
2015-08-01,N,Norte,5236.491520161613,3895949.69100024,31,0
2015-08-01,NE,Nordeste,9208.784721474516,6851335.83277704,31,0
2015-08-01,S,Sul,9947.695871101936,7401085.72809984,31,0
2015-08-01,SE,Sudeste/Centro-Oeste,33889.70697315258,25213941.98802552,31,0
2015-09-01,N,Norte,5547.030683333,3993862.09199976,30,0
2015-09-01,NE,Nordeste,9579.984389503667,6897588.76044264,30,0
2015-09-01,S,Sul,9914.575292288668,7138494.21044784,30,0
2015-09-01,SE,Sudeste/Centro-Oeste,35495.76578749967,25556951.36699976,30,0
2015-10-01,N,Norte,5538.572557854194,4120697.9830435202,31,0
2015-10-01,NE,Nordeste,9895.76310298613,7362447.74862168,31,0
2015-10-01,S,Sul,10153.15524831129,7553947.5047436,31,0
2015-10-01,SE,Sudeste/Centro-Oeste,36630.36318934097,27252990.21286968,31,0
2015-11-01,N,Norte,5459.614206944667,3930922.22900016,30,0
2015-11-01,NE,Nordeste,10172.925130846666,7324506.0942096,30,0
2015-11-01,S,Sul,10150.427608828333,7308307.8783564,30,0
2015-11-01,SE,Sudeste/Centro-Oeste,36322.045133334,26151872.49600048,30,0
2015-12-01,N,Norte,5383.415646505161,4005261.24099984,31,0
2015-12-01,NE,Nordeste,10087.1023279,7504804.1319576,31,0
2015-12-01,S,Sul,10235.124501750968,7614932.62930272,31,0
2015-12-01,SE,Sudeste/Centro-Oeste,36608.281385751936,27236561.35099944,31,0
2016-01-01,N,Norte,5142.322063172581,3825887.6150004,31,0
2016-01-01,NE,Nordeste,9582.803545468065,7129605.83782824,31,0
2016-01-01,S,Sul,11258.149589462904,8376063.2945604,31,0
2016-01-01,SE,Sudeste/Centro-Oeste,36556.050797417425,27197701.79327856,31,0
2016-02-01,N,Norte,5239.368158045517,3646600.23799968,29,0
2016-02-01,NE,Nordeste,9926.127435918967,6908584.6953996,29,0
2016-02-01,S,Sul,11765.528056234138,8188807.52713896,29,0
2016-02-01,SE,Sudeste/Centro-Oeste,39524.43833771379,27509009.0830488,29,0
2016-03-01,N,Norte,5293.719606182258,3938527.3869996,31,0
2016-03-01,NE,Nordeste,10379.101646506128,7722051.62500056,31,0
2016-03-01,S,Sul,10942.511262684517,8141228.37943728,31,0
2016-03-01,SE,Sudeste/Centro-Oeste,38455.00303057484,28610522.25474768,31,0
2016-04-01,N,Norte,5404.040720833,3890909.31899976,30,0
2016-04-01,NE,Nordeste,9747.009518055665,7017846.85300008,30,0
2016-04-01,S,Sul,11066.527987137,7967900.15073864,30,0
2016-04-01,SE,Sudeste/Centro-Oeste,37695.702524221335,27140905.81743936,30,0
2016-05-01,N,Norte,5301.940891129355,3944644.02300024,31,0
2016-05-01,NE,Nordeste,10059.76410672,7484464.49539968,31,0
2016-05-01,S,Sul,9965.467913978388,7414308.12799992,31,0
2016-05-01,SE,Sudeste/Centro-Oeste,33979.380880376775,25280659.37500032,31,0
2016-06-01,N,Norte,5170.980833333,3723106.19999976,30,0
2016-06-01,NE,Nordeste,9808.769879166668,7062314.313,30,0
2016-06-01,S,Sul,10614.518765277,7642453.51099944,30,0
2016-06-01,SE,Sudeste/Centro-Oeste,33271.71149583433,23955632.27700072,30,0
2016-07-01,N,Norte,5206.954978494194,3873974.50399968,31,0
2016-07-01,NE,Nordeste,9553.558733870968,7107847.698,31,0
2016-07-01,S,Sul,10130.529838709033,7537114.19999952,31,0
2016-07-01,SE,Sudeste/Centro-Oeste,33182.59846639774,24687853.258999918,31,0
2016-08-01,N,Norte,5478.996905913871,4076373.69799992,31,0
2016-08-01,NE,Nordeste,9669.979807660644,7194464.9768995205,31,0
2016-08-01,S,Sul,10268.235754032903,7639567.40100048,31,0
2016-08-01,SE,Sudeste/Centro-Oeste,34310.10867755451,25526720.85610056,31,0
2016-09-01,N,Norte,5447.029293055334,3921861.0909998403,30,0
2016-09-01,NE,Nordeste,9897.171191666333,7125963.25799976,30,0
2016-09-01,S,Sul,10086.561736110334,7262324.44999944,30,0
2016-09-01,SE,Sudeste/Centro-Oeste,34770.657047222,25034873.07399984,30,0
2016-10-01,N,Norte,5461.128943575806,4063079.9340204,31,0
2016-10-01,NE,Nordeste,10173.707556685806,7569238.4221742395,31,0
2016-10-01,S,Sul,10209.840076980645,7596121.0172736,31,0
2016-10-01,SE,Sudeste/Centro-Oeste,35149.63238405839,26151326.49373944,31,0
2016-11-01,N,Norte,5581.770272223333,4018874.5960008,30,0
2016-11-01,NE,Nordeste,10214.075152638667,7354134.10989984,30,0
2016-11-01,S,Sul,10780.675443889333,7762086.31960032,30,0
2016-11-01,SE,Sudeste/Centro-Oeste,34743.506672222335,25015324.80400008,30,0
2016-12-01,N,Norte,5234.089872311936,3894162.86500008,31,0
2016-12-01,NE,Nordeste,10214.778135752582,7599794.93299992,31,0
2016-12-01,S,Sul,11188.526189112259,8324263.48469952,31,0
2016-12-01,SE,Sudeste/Centro-Oeste,35760.8785026871,26606093.6059992,31,0
2017-01-01,N,Norte,5077.383098117742,3777573.0249996,31,0
2017-01-01,NE,Nordeste,10502.294361559032,7813707.00499992,31,0
2017-01-01,S,Sul,11900.663075403227,8854093.3281,31,0
2017-01-01,SE,Sudeste/Centro-Oeste,38977.415793010965,28999197.35000016,31,0
2017-02-01,N,Norte,5165.330675595001,3471102.21399984,28,0
2017-02-01,NE,Nordeste,10535.212052948214,7079662.4995812,28,0
2017-02-01,S,Sul,12529.683537053215,8419947.336899761,28,0
2017-02-01,SE,Sudeste/Centro-Oeste,40063.09926785714,26922402.708,28,0
2017-03-01,N,Norte,5392.109764784516,4011729.66499968,31,0
2017-03-01,NE,Nordeste,10768.35364784871,8011655.11399944,31,0
2017-03-01,S,Sul,11668.02529704258,8681010.82099968,31,0
2017-03-01,SE,Sudeste/Centro-Oeste,39435.9515040329,29340347.91900048,31,0
2017-04-01,N,Norte,5287.421918056333,3806943.78100056,30,0
2017-04-01,NE,Nordeste,10364.334584721666,7462320.9009996,30,0
2017-04-01,S,Sul,10432.531325000333,7511422.55400024,30,0
2017-04-01,SE,Sudeste/Centro-Oeste,35806.006324999995,25780324.554,30,0
2017-05-01,N,Norte,5590.204192204516,4159111.91900016,31,0
2017-05-01,NE,Nordeste,10271.392565860322,7641916.06900008,31,0
2017-05-01,S,Sul,10260.224654569678,7633607.14299984,31,0
2017-05-01,SE,Sudeste/Centro-Oeste,34414.13596760775,25604117.15990016,31,0
2017-06-01,N,Norte,5474.7365930549995,3941810.3469996,30,0
2017-06-01,NE,Nordeste,9900.801020833,7128576.73499976,30,0
2017-06-01,S,Sul,10338.187906945,7443495.2930004,30,0
2017-06-01,SE,Sudeste/Centro-Oeste,33858.782855555335,24378323.65599984,30,0
2017-07-01,N,Norte,5307.818177419355,3949016.724,31,0
2017-07-01,NE,Nordeste,9408.810325268387,7000154.88199968,31,0
2017-07-01,S,Sul,10483.78341397871,7799934.86000016,31,0
2017-07-01,SE,Sudeste/Centro-Oeste,32552.037575269354,24218715.956000403,31,0
2017-08-01,N,Norte,5572.566530914516,4145989.4990004,31,0
2017-08-01,NE,Nordeste,9772.246153091291,7270551.13789992,31,0
2017-08-01,S,Sul,10610.790693548708,7894428.27600024,31,0
2017-08-01,SE,Sudeste/Centro-Oeste,33822.72176344065,25164104.99199984,31,0
2017-09-01,N,Norte,5625.763658333,4050549.83399976,30,0
2017-09-01,NE,Nordeste,9701.747136111333,6985257.93800016,30,0
2017-09-01,S,Sul,10793.343718055667,7771207.47700008,30,0
2017-09-01,SE,Sudeste/Centro-Oeste,35533.974548334,25584461.674800478,30,0
2017-10-01,N,Norte,5600.030849229678,4166422.9518268798,31,0
2017-10-01,NE,Nordeste,10229.790733169679,7610964.30547824,31,0
2017-10-01,S,Sul,10469.671648842905,7789435.70673912,31,0
2017-10-01,SE,Sudeste/Centro-Oeste,36599.19437523419,27229800.61517424,31,0
2017-11-01,N,Norte,5554.8956805553335,3999524.88999984,30,0
2017-11-01,NE,Nordeste,10371.392630555667,7467402.69400008,30,0
2017-11-01,S,Sul,10811.512265277668,7784288.83099992,30,0
2017-11-01,SE,Sudeste/Centro-Oeste,35812.94646666734,25785321.45600048,30,0
2017-12-01,N,Norte,5383.587410819678,4005389.03364984,31,0
2017-12-01,NE,Nordeste,10462.241344039354,7783907.55996528,31,0
2017-12-01,S,Sul,11376.120185484517,8463833.41800048,31,0
2017-12-01,SE,Sudeste/Centro-Oeste,36736.47460262032,27331937.10434952,31,0
2018-01-01,N,Norte,5275.120869960968,3924689.92725096,31,0
2018-01-01,NE,Nordeste,10540.964911289355,7842477.89399928,31,0
2018-01-01,S,Sul,11694.574129032258,8700763.152,31,0
2018-01-01,SE,Sudeste/Centro-Oeste,39014.78031720484,29026996.5560004,31,0
2018-02-01,N,Norte,5383.369534225714,3617624.32699968,28,0
2018-02-01,NE,Nordeste,10360.760217261428,6962430.86599968,28,0
2018-02-01,S,Sul,12090.0444866075,8124509.89500024,28,0
2018-02-01,SE,Sudeste/Centro-Oeste,38538.906761905004,25898145.34400016,28,0
2018-03-01,N,Norte,5561.756762097097,4137947.03100024,31,0
2018-03-01,NE,Nordeste,10573.49497043,7866680.25799992,31,0
2018-03-01,S,Sul,11891.158577956774,8847021.98199984,31,0
2018-03-01,SE,Sudeste/Centro-Oeste,40027.981235215484,29780818.03900032,31,0
2018-04-01,N,Norte,5318.735933332666,3829489.87199952,30,0
2018-04-01,NE,Nordeste,10367.044936111333,7464272.3540001605,30,0
2018-04-01,S,Sul,11543.850515269332,8311572.37099392,30,0
2018-04-01,SE,Sudeste/Centro-Oeste,36675.95145138967,26406685.04500056,30,0
2018-05-01,N,Norte,5184.072057795806,3856949.61100008,31,0
2018-05-01,NE,Nordeste,10193.687606182903,7584103.57900008,31,0
2018-05-01,S,Sul,10430.373087416774,7760197.5770380795,31,0
2018-05-01,SE,Sudeste/Centro-Oeste,34197.82450940871,25443181.43500008,31,0
2018-06-01,N,Norte,5221.353618055667,3759374.60500008,30,0
2018-06-01,NE,Nordeste,9852.018283334,7093453.16400048,30,0
2018-06-01,S,Sul,10608.295929167332,7637973.06900048,30,0
2018-06-01,SE,Sudeste/Centro-Oeste,33858.13522222333,24377857.3600008,30,0
2018-07-01,N,Norte,5115.063728494516,3805607.41399992,31,0
2018-07-01,NE,Nordeste,9830.900068548708,7314189.65100024,31,0
2018-07-01,S,Sul,10742.015823899032,7992059.77298088,31,0
2018-07-01,SE,Sudeste/Centro-Oeste,33919.25572983871,25235926.263,31,0
2018-08-01,N,Norte,5278.88499059129,3927490.43299992,31,0
2018-08-01,NE,Nordeste,9976.72393145129,7422682.60499976,31,0
2018-08-01,S,Sul,10694.293927534516,7956554.68208568,31,0
2018-08-01,SE,Sudeste/Centro-Oeste,34465.46321639742,25642304.63299968,31,0
2018-09-01,N,Norte,5402.494604166667,3889796.115,30,0
2018-09-01,NE,Nordeste,10233.539184722,7368148.21299984,30,0
2018-09-01,S,Sul,10456.396356944666,7528605.3770001605,30,0
2018-09-01,SE,Sudeste/Centro-Oeste,35488.20446388967,25551507.21400056,30,0
2018-10-01,N,Norte,5431.13865860258,4040767.16200032,31,0
2018-10-01,NE,Nordeste,10800.472940859678,8035551.8679996,31,0
2018-10-01,S,Sul,10755.890596777419,8002382.604002399,31,0
2018-10-01,SE,Sudeste/Centro-Oeste,36868.92756182839,27430482.10600032,31,0
2018-11-01,N,Norte,5293.6215520529995,3811407.51747816,30,0
2018-11-01,NE,Nordeste,10785.051949155,7765237.4033916,30,0
2018-11-01,S,Sul,11306.872680237335,8140948.32977088,30,0
2018-11-01,SE,Sudeste/Centro-Oeste,36719.20478816434,26437827.44747832,30,0
2018-12-01,N,Norte,5137.020173387097,3821943.009,31,0
2018-12-01,NE,Nordeste,10447.940553763226,7773267.77199984,31,0
2018-12-01,S,Sul,11532.717603409032,8580341.89693632,31,0
2018-12-01,SE,Sudeste/Centro-Oeste,38158.38070698903,28389835.24599984,31,0
2019-01-01,N,Norte,5298.128146505806,3941807.34100032,31,0
2019-01-01,NE,Nordeste,10930.887412634838,8132580.23500032,31,0
2019-01-01,S,Sul,12833.959420729356,9548465.80902264,31,0
2019-01-01,SE,Sudeste/Centro-Oeste,42133.92754166645,31347642.09099984,31,0
2019-02-01,N,Norte,5503.6737693457135,3698468.77300032,28,0
2019-02-01,NE,Nordeste,11239.434349702144,7552899.88299984,28,0
2019-02-01,S,Sul,12392.629800594284,8327847.22599936,28,0
2019-02-01,SE,Sudeste/Centro-Oeste,40667.00419494072,27328226.81900016,28,0
2019-03-01,N,Norte,5416.767626344194,4030075.11400008,31,0
2019-03-01,NE,Nordeste,10848.002637406451,8070913.9622304,31,0
2019-03-01,S,Sul,11542.726841397098,8587788.76999944,31,0
2019-03-01,SE,Sudeste/Centro-Oeste,38892.68261155935,28936155.863000162,31,0
2019-04-01,N,Norte,5364.514727777667,3862450.60399992,30,0
2019-04-01,NE,Nordeste,10927.682327777999,7867931.27600016,30,0
2019-04-01,S,Sul,11319.705358333002,8150187.85799976,30,0
2019-04-01,SE,Sudeste/Centro-Oeste,37888.03235416567,27279383.29499928,30,0
2019-05-01,N,Norte,5514.032241935806,4102439.98800024,31,0
2019-05-01,NE,Nordeste,10826.00460483871,8054547.426,31,0
2019-05-01,S,Sul,10705.123001344195,7964611.51300008,31,0
2019-05-01,SE,Sudeste/Centro-Oeste,35795.570212365485,26631904.23799992,31,0
2019-06-01,N,Norte,5448.672223610333,3923044.00099944,30,0
2019-06-01,NE,Nordeste,9922.855797221333,7144456.17399936,30,0
2019-06-01,S,Sul,10502.498350107666,7561798.81207752,30,0
2019-06-01,SE,Sudeste/Centro-Oeste,34226.921283333664,24643383.32400024,30,0
2019-07-01,N,Norte,5374.945626343549,3998959.5459996,31,0
2019-07-01,NE,Nordeste,9820.86241397871,7306721.63600016,31,0
2019-07-01,S,Sul,10699.196267473226,7960202.02300008,31,0
2019-07-01,SE,Sudeste/Centro-Oeste,33569.621619623875,24975798.48500016,31,0
2019-08-01,N,Norte,5541.2258508061295,4122672.03299976,31,0
2019-08-01,NE,Nordeste,9774.326106182258,7272098.6229996,31,0
2019-08-01,S,Sul,10807.31421505387,8040641.77600008,31,0
2019-08-01,SE,Sudeste/Centro-Oeste,34180.65211424839,25430405.1730008,31,0
2019-09-01,N,Norte,5662.7802652773335,4077201.79099968,30,0
2019-09-01,NE,Nordeste,10106.945804166666,7277000.979,30,0
2019-09-01,S,Sul,10731.136368055666,7726418.18500008,30,0
2019-09-01,SE,Sudeste/Centro-Oeste,36699.72320138933,26423800.70500032,30,0
2019-10-01,N,Norte,5596.460471774516,4163766.59100024,31,0
2019-10-01,NE,Nordeste,10696.636771505484,7958297.75800008,31,0
2019-10-01,S,Sul,11370.052662634193,8459319.18099984,31,0
2019-10-01,SE,Sudeste/Centro-Oeste,37918.25433602097,28211181.2259996,31,0
2019-11-01,N,Norte,5703.990416667667,4106873.10000072,30,0
2019-11-01,NE,Nordeste,11085.555519444333,7981599.97399992,30,0
2019-11-01,S,Sul,11552.506529166334,8317804.70099976,30,0
2019-11-01,SE,Sudeste/Centro-Oeste,37089.426491667,26704387.07400024,30,0
2019-12-01,N,Norte,5580.738530913871,4152069.46699992,31,0
2019-12-01,NE,Nordeste,11129.115243278711,8280061.74099936,31,0
2019-12-01,S,Sul,11626.437748655484,8650069.68499968,31,0
2019-12-01,SE,Sudeste/Centro-Oeste,36887.268131720644,27444127.49000016,31,0
2020-01-01,N,Norte,5411.998443547743,4026526.84199952,31,0
2020-01-01,NE,Nordeste,10952.558877688387,8148703.80500016,31,0
2020-01-01,S,Sul,12599.132947580645,9373754.913,31,0
2020-01-01,SE,Sudeste/Centro-Oeste,39577.56754905968,29445710.2565004,31,0
2020-02-01,N,Norte,5513.525329023448,3837413.62900032,29,0
2020-02-01,NE,Nordeste,10995.705311782413,7653010.897000561,29,0
2020-02-01,S,Sul,12781.99046408138,8896265.36300064,29,0
2020-02-01,SE,Sudeste/Centro-Oeste,39505.45249568966,27495794.937,29,0
2020-03-01,N,Norte,5347.473907258065,3978520.587,31,0
2020-03-01,NE,Nordeste,10597.096494623871,7884239.79200016,31,0
2020-03-01,S,Sul,12310.286107526776,9158852.86399992,31,0
2020-03-01,SE,Sudeste/Centro-Oeste,37954.85326747419,28238410.8310008,31,0
2020-04-01,N,Norte,4921.120522222333,3543206.77600008,30,0
2020-04-01,NE,Nordeste,9592.039329166666,6906268.317,30,0
2020-04-01,S,Sul,10265.750226389668,7391340.16300056,30,0
2020-04-01,SE,Sudeste/Centro-Oeste,32396.516541666664,23325491.91,30,0
2020-05-01,N,Norte,5111.484349462903,3802944.3560004,31,0
2020-05-01,NE,Nordeste,9470.41150403129,7045986.15899928,31,0
2020-05-01,S,Sul,10095.401204313548,7510978.49600928,31,0
2020-05-01,SE,Sudeste/Centro-Oeste,31278.080145161613,23270891.62800024,31,0
2020-06-01,N,Norte,5286.12273611,3806008.3699992,30,0
2020-06-01,NE,Nordeste,9441.394875,6797804.31,30,0
2020-06-01,S,Sul,10185.782777777667,7333763.5999999195,30,0
2020-06-01,SE,Sudeste/Centro-Oeste,32643.97852083333,23503664.535,30,0
2020-07-01,N,Norte,5387.090896505484,4007995.62700008,31,0
2020-07-01,NE,Nordeste,9612.534336020968,7151725.5459996,31,0
2020-07-01,S,Sul,10414.714665322259,7748547.71099976,31,0
2020-07-01,SE,Sudeste/Centro-Oeste,33652.7906438171,25037676.23899992,31,0
2020-08-01,N,Norte,5753.430108871935,4280552.00100072,31,0
2020-08-01,NE,Nordeste,9809.270948925161,7298097.58600032,31,0
2020-08-01,S,Sul,10424.310686862258,7755687.15102552,31,0
2020-08-01,SE,Sudeste/Centro-Oeste,34682.81422446226,25804013.78299992,31,0
2020-09-01,N,Norte,5918.471972222667,4261299.82000032,30,0
2020-09-01,NE,Nordeste,10132.212884722,7295193.27699984,30,0
2020-09-01,S,Sul,11012.739776388333,7929172.6389996,30,0
2020-09-01,SE,Sudeste/Centro-Oeste,38260.48575416567,27547549.74299928,30,0
2020-10-01,N,Norte,5961.544251344516,4435388.92300032,31,0
2020-10-01,NE,Nordeste,11048.550873655484,8220121.84999968,31,0
2020-10-01,S,Sul,11537.247294355162,8583711.98700024,31,0
2020-10-01,SE,Sudeste/Centro-Oeste,38984.220814516455,29004260.28600024,31,0
2020-11-01,N,Norte,5777.465572222,4159775.21199984,30,0
2020-11-01,NE,Nordeste,10790.926198611001,7769466.86299992,30,0
2020-11-01,S,Sul,11927.270477193333,8587634.7435792,30,0
2020-11-01,SE,Sudeste/Centro-Oeste,37609.394794444335,27078764.25199992,30,0
2020-12-01,N,Norte,5806.53592338742,4320062.72700024,31,0
2020-12-01,NE,Nordeste,11165.524768816775,8307150.42799968,31,0
2020-12-01,S,Sul,11917.91386317484,8866927.91420208,31,0
2020-12-01,SE,Sudeste/Centro-Oeste,39185.01075403226,29153648.001,31,0
2021-01-01,N,Norte,5519.2421801080645,4106316.1820004,31,0
2021-01-01,NE,Nordeste,11104.463098119031,8261720.54500056,31,0
2021-01-01,S,Sul,12380.838608169033,9211343.92447776,31,0
2021-01-01,SE,Sudeste/Centro-Oeste,40893.728262096774,30424933.827,31,0
2021-02-01,N,Norte,5661.049352678929,3804225.16500024,28,0
2021-02-01,NE,Nordeste,11218.179636904644,7538616.71599992,28,0
2021-02-01,S,Sul,12689.414065555358,8527286.2520532,28,0
2021-02-01,SE,Sudeste/Centro-Oeste,40791.12648660714,27411636.999,28,0
2021-03-01,N,Norte,5821.535728494194,4331222.58199968,31,0
2021-03-01,NE,Nordeste,11499.665245967419,8555750.94299976,31,0
2021-03-01,S,Sul,12923.315173387742,9614946.48900048,31,0
2021-03-01,SE,Sudeste/Centro-Oeste,41979.19972446258,31232524.59500016,31,0
2021-04-01,N,Norte,6006.173690277333,4324445.05699968,30,0
2021-04-01,NE,Nordeste,11163.710490277334,8037871.55299968,30,0
2021-04-01,S,Sul,12000.242365246,8640174.50297712,30,0
2021-04-01,SE,Sudeste/Centro-Oeste,38720.878506944005,27879032.52499968,30,0
2021-05-01,N,Norte,6008.307764785161,4470180.97700016,31,0
2021-05-01,NE,Nordeste,10767.942676075485,8011349.35100016,31,0
2021-05-01,S,Sul,11421.819905914193,8497834.01000016,31,0
2021-05-01,SE,Sudeste/Centro-Oeste,38155.86060483839,28387960.28999976,31,0
2021-06-01,N,Norte,5959.335447222333,4290721.52200008,30,0
2021-06-01,NE,Nordeste,10967.231370833999,7896406.58700048,30,0
2021-06-01,S,Sul,11291.336390278333,8129762.2010004,30,0
2021-06-01,SE,Sudeste/Centro-Oeste,37596.18125138933,27069250.50100032,30,0
2021-07-01,N,Norte,5939.406758064194,4418918.62799976,31,0
2021-07-01,NE,Nordeste,11038.132947580321,8212370.912999759,31,0
2021-07-01,S,Sul,11619.34592473097,8644793.36799984,31,0
2021-07-01,SE,Sudeste/Centro-Oeste,36489.124572580964,27147908.68200024,31,0
2021-08-01,N,Norte,6283.027196236451,4674572.23399992,31,0
2021-08-01,NE,Nordeste,11276.10197983871,8389419.873,31,0
2021-08-01,S,Sul,11642.065165322258,8661696.48299976,31,0
2021-08-01,SE,Sudeste/Centro-Oeste,38117.23469892484,28359222.61600008,31,0
2021-09-01,N,Norte,6351.7732027776665,4573276.70599992,30,0
2021-09-01,NE,Nordeste,11972.596026388666,8620269.13899984,30,0
2021-09-01,S,Sul,11449.036748611334,8243306.45900016,30,0
2021-09-01,SE,Sudeste/Centro-Oeste,40340.27973333334,29045001.408,30,0
2021-10-01,N,Norte,6170.1607163974195,4590599.57299968,31,0
2021-10-01,NE,Nordeste,12179.026026509355,9061195.36372296,31,0
2021-10-01,S,Sul,11084.296184139032,8246716.36099944,31,0
2021-10-01,SE,Sudeste/Centro-Oeste,37630.334862054515,27996969.13736856,31,0
2021-11-01,N,Norte,6124.615224999667,4409722.96199976,30,0
2021-11-01,NE,Nordeste,11923.984643055668,8585268.94300008,30,0
2021-11-01,S,Sul,12468.522041666,8977335.86999952,30,0
2021-11-01,SE,Sudeste/Centro-Oeste,39761.942426388334,28628598.5469996,30,0
2021-12-01,N,Norte,5973.280126343549,4444120.4139996,31,0
2021-12-01,NE,Nordeste,11664.321360886452,8678255.09249952,31,0
2021-12-01,S,Sul,12665.256057796452,9422950.50700056,31,0
2021-12-01,SE,Sudeste/Centro-Oeste,39777.991616935804,29594825.76300024,31,0
2022-01-01,N,Norte,5763.092818549355,4287741.05700072,31,0
2022-01-01,NE,Nordeste,11272.549063171937,8386776.50299992,31,0
2022-01-01,S,Sul,13600.339452956776,10118652.55299984,31,0
2022-01-01,SE,Sudeste/Centro-Oeste,41225.270895161935,30671601.54600048,31,0
2022-02-01,N,Norte,5855.547776785001,3934928.10599952,28,0
2022-02-01,NE,Nordeste,11754.366642857856,7898934.38400048,28,0
2022-02-01,S,Sul,13706.167395833929,9210544.4900004,28,0
2022-02-01,SE,Sudeste/Centro-Oeste,42446.9041502975,28524319.58899992,28,0
2022-03-01,N,Norte,5688.881559139355,4232527.87999968,31,0
2022-03-01,NE,Nordeste,11567.363716398386,8606118.605000399,31,0
2022-03-01,S,Sul,12617.743708333226,9387601.31899992,31,0
2022-03-01,SE,Sudeste/Centro-Oeste,44403.23449999968,33036006.46799976,31,0
2022-04-01,N,Norte,5851.573697222,4213133.06199984,30,0
2022-04-01,NE,Nordeste,11332.976533333001,8159743.10399976,30,0
2022-04-01,S,Sul,11135.387280555,8017478.8419996,30,0
2022-04-01,SE,Sudeste/Centro-Oeste,40913.244480555666,29457536.02600008,30,0
2022-05-01,N,Norte,6039.45394354871,4493353.7340002395,31,0
2022-05-01,NE,Nordeste,11080.756221102258,8244082.62850008,31,0
2022-05-01,S,Sul,11049.632953420969,8220926.9173452,31,0
2022-05-01,SE,Sudeste/Centro-Oeste,38288.298114248064,28486493.79700056,31,0
2022-06-01,N,Norte,6068.8557375,4369576.131,30,0
2022-06-01,NE,Nordeste,10408.505000000001,7494123.6,30,0
2022-06-01,S,Sul,11211.195036015,8072060.4259308,30,0
2022-06-01,SE,Sudeste/Centro-Oeste,37455.66865277834,26968081.4300004,30,0
2022-07-01,N,Norte,6279.739420699355,4672126.12900032,31,0
2022-07-01,NE,Nordeste,10488.686962365806,7803583.10000016,31,0
2022-07-01,S,Sul,11335.330448630968,8433485.85378144,31,0
2022-07-01,SE,Sudeste/Centro-Oeste,37825.30040591355,28142023.50199968,31,0
2022-08-01,N,Norte,6583.721846773548,4898289.05399952,31,0
2022-08-01,NE,Nordeste,10808.890258064193,8041814.35199976,31,0
2022-08-01,S,Sul,11085.673817594838,8247741.32029056,31,0
2022-08-01,SE,Sudeste/Centro-Oeste,38015.06143279516,28283205.705999598,31,0
2022-09-01,N,Norte,6698.6955013883335,4823060.7609996,30,0
2022-09-01,NE,Nordeste,10992.910509723,7914895.5670005595,30,0
2022-09-01,S,Sul,11042.749065628333,7950779.3272524,30,0
2022-09-01,SE,Sudeste/Centro-Oeste,38464.872072222664,27694707.89200032,30,0
2022-10-01,N,Norte,6642.540271505483,4942049.962000079,31,0
2022-10-01,NE,Nordeste,11621.156887097097,8646140.72400024,31,0
2022-10-01,S,Sul,10787.156779618388,8025644.64403608,31,0
2022-10-01,SE,Sudeste/Centro-Oeste,39624.20309408645,29480407.10200032,31,0
2022-11-01,N,Norte,6590.315440278334,4745027.1170004,30,0
2022-11-01,NE,Nordeste,11456.447676389333,8248642.32700032,30,0
2022-11-01,S,Sul,11383.324640277333,8195993.74099968,30,0
2022-11-01,SE,Sudeste/Centro-Oeste,38870.22297361067,27986560.54099968,30,0
2022-12-01,N,Norte,6482.192267473226,4822751.04700008,31,0
2022-12-01,NE,Nordeste,11308.882662633549,8413808.70099936,31,0
2022-12-01,S,Sul,12022.316655912904,8944603.5919992,31,0
2022-12-01,SE,Sudeste/Centro-Oeste,38728.19629973129,28813778.04700008,31,0
2023-01-01,N,Norte,6301.595373655162,4688386.95799944,31,0
2023-01-01,NE,Nordeste,11510.283720429034,8563651.0879992,31,0
2023-01-01,S,Sul,13003.633719085807,9674703.48699984,31,0
2023-01-01,SE,Sudeste/Centro-Oeste,39957.98983736452,29728744.4389992,31,0
2023-02-01,N,Norte,6432.479733630001,4322626.38099936,28,0
2023-02-01,NE,Nordeste,11813.240264881784,7938497.45800056,28,0
2023-02-01,S,Sul,13121.993828868572,8817979.85299968,28,0
2023-02-01,SE,Sudeste/Centro-Oeste,42456.55918006,28530807.76900032,28,0
2023-03-01,N,Norte,6651.45708199,4948684.06900056,31,0
2023-03-01,NE,Nordeste,11487.93622580613,8547024.55199976,31,0
2023-03-01,S,Sul,13524.77759253258,10062434.528844241,31,0
2023-03-01,SE,Sudeste/Centro-Oeste,43184.885065860006,32129554.48899984,31,0
2023-04-01,N,Norte,6798.249494445,4894739.6360004,30,0
2023-04-01,NE,Nordeste,11321.735759721334,8151649.74699936,30,0
2023-04-01,S,Sul,11549.969252737334,8315977.86197088,30,0
2023-04-01,SE,Sudeste/Centro-Oeste,39473.588625,28420983.81,30,0
2023-05-01,N,Norte,7190.165301075161,5349482.98399992,31,0
2023-05-01,NE,Nordeste,11956.65962231129,8895754.758999601,31,0
2023-05-01,S,Sul,12072.260621776451,8981761.90260168,31,0
2023-05-01,SE,Sudeste/Centro-Oeste,39817.59433736516,29624290.18699968,31,0
2023-06-01,N,Norte,7115.847258333333,5123410.026000001,30,0
2023-06-01,NE,Nordeste,11653.2444,8390335.968,30,0
2023-06-01,S,Sul,11714.029734696333,8434101.40898136,30,0
2023-06-01,SE,Sudeste/Centro-Oeste,38619.006366666996,27805684.58400024,30,0
2023-07-01,N,Norte,7210.473133064516,5364592.011,31,0
2023-07-01,NE,Nordeste,11600.14058198871,8630504.5929996,31,0
2023-07-01,S,Sul,11801.396719812903,8780239.1595408,31,0
2023-07-01,SE,Sudeste/Centro-Oeste,38360.98819489258,28540575.21700008,31,0
2023-08-01,N,Norte,7557.022560482903,5622424.78499928,31,0
2023-08-01,NE,Nordeste,11989.970827957097,8920538.29600008,31,0
2023-08-01,S,Sul,12204.290502671289,9079992.13398744,31,0
2023-08-01,SE,Sudeste/Centro-Oeste,40747.42263172064,30316082.43800016,31,0
2023-09-01,N,Norte,7746.975040277667,5577822.02899992,30,0
2023-09-01,NE,Nordeste,12315.059366666334,8866842.74399976,30,0
2023-09-01,S,Sul,12237.747963887667,8811178.53399912,30,0
2023-09-01,SE,Sudeste/Centro-Oeste,43415.48387500034,31259148.39000024,30,0
2023-10-01,N,Norte,7763.905404570322,5776345.62100032,31,0
2023-10-01,NE,Nordeste,13051.162861559676,9710065.1690004,31,0
2023-10-01,S,Sul,12344.294657419678,9184155.22512024,31,0
2023-10-01,SE,Sudeste/Centro-Oeste,44093.899512096126,32805861.23699952,31,0
2023-11-01,N,Norte,7618.252411111,5485141.73599992,30,0
2023-11-01,NE,Nordeste,13514.736843055,9730610.5269996,30,0
2023-11-01,S,Sul,13212.251165278,9512820.83900016,30,0
2023-11-01,SE,Sudeste/Centro-Oeste,46313.88861249967,33345999.80099976,30,0
2023-12-01,N,Norte,7249.953428335806,5393965.35068184,31,0
2023-12-01,NE,Nordeste,13170.854274229678,9799115.58002688,31,0
2023-12-01,S,Sul,14019.737479995483,10430684.68511664,31,0
2023-12-01,SE,Sudeste/Centro-Oeste,46195.9226235442,34369766.43191688,31,0
2024-01-01,N,Norte,7282.616319891936,5418266.5419996,31,0
2024-01-01,NE,Nordeste,13173.178837364838,9800845.05499944,31,0
2024-01-01,S,Sul,14048.42270967742,10452026.496,31,0
2024-01-01,SE,Sudeste/Centro-Oeste,45239.24634946193,33657999.28399968,31,0
2024-02-01,N,Norte,7311.073886493448,5088507.42499944,29,0
2024-02-01,NE,Nordeste,13191.391191092069,9181208.26900008,29,0
2024-02-01,S,Sul,15666.29641092,10903742.30200032,29,0
2024-02-01,SE,Sudeste/Centro-Oeste,46597.777875,32432053.401,29,0
2024-03-01,N,Norte,7383.893146504839,5493616.5009996,31,0
2024-03-01,NE,Nordeste,13409.232362903871,9976468.87800048,31,0
2024-03-01,S,Sul,14535.687283602581,10814551.33900032,31,0
2024-03-01,SE,Sudeste/Centro-Oeste,47170.80406451613,35095078.224,31,0
2024-04-01,N,Norte,7441.539529167333,5357908.46100048,30,0
2024-04-01,NE,Nordeste,13074.199491667001,9413423.63400024,30,0
2024-04-01,S,Sul,13518.555294444332,9733359.81199992,30,0
2024-04-01,SE,Sudeste/Centro-Oeste,45701.518498611,32905093.31899992,30,0
2024-05-01,N,Norte,7703.42204569871,5731346.00199984,31,0
2024-05-01,NE,Nordeste,12821.144970430645,9538931.8580004,31,0
2024-05-01,S,Sul,12542.552846772904,9331659.31799904,31,0
2024-05-01,SE,Sudeste/Centro-Oeste,44316.92672311807,32971793.48199984,31,0
2024-06-01,N,Norte,7721.253570832667,5559302.57099952,30,0
2024-06-01,NE,Nordeste,12193.805612499667,8779540.04099976,30,0
2024-06-01,S,Sul,12601.212051388,9072872.67699936,30,0
2024-06-01,SE,Sudeste/Centro-Oeste,41439.08901805533,29836144.092999842,30,0
2024-07-01,N,Norte,7813.434466397742,5813195.24299992,31,0
2024-07-01,NE,Nordeste,12296.832178764194,9148843.14100056,31,0
2024-07-01,S,Sul,12955.000212365161,9638520.15799968,31,0
2024-07-01,SE,Sudeste/Centro-Oeste,41012.28707123678,30513141.58100016,31,0
2024-08-01,N,Norte,8105.583682795806,6030554.26000008,31,0
2024-08-01,NE,Nordeste,12832.086068547742,9547072.03499952,31,0
2024-08-01,S,Sul,13015.815580644838,9683766.791999761,31,0
2024-08-01,SE,Sudeste/Centro-Oeste,42059.601862903226,31292343.786,31,0
2024-09-01,N,Norte,8498.044363887666,6118591.94199912,30,0
2024-09-01,NE,Nordeste,13109.959158332998,9439170.59399976,30,0
2024-09-01,S,Sul,12846.214137500332,9249274.17900024,30,0
2024-09-01,SE,Sudeste/Centro-Oeste,45974.778326389,33101840.39500008,30,0
2024-10-01,N,Norte,8375.46458199,6231345.64900056,31,0
2024-10-01,NE,Nordeste,13749.61422177484,10229712.981000481,31,0
2024-10-01,S,Sul,13452.274934139354,10008492.55099968,31,0
2024-10-01,SE,Sudeste/Centro-Oeste,45186.274911291286,33618588.53400072,31,0
2024-11-01,N,Norte,8294.474329166,5972021.51699952,30,0
2024-11-01,NE,Nordeste,13833.600750000332,9960192.54000024,30,0
2024-11-01,S,Sul,14324.712020833666,10313792.65500024,30,0
2024-11-01,SE,Sudeste/Centro-Oeste,44152.971936111666,31790139.794000402,30,0
2024-12-01,N,Norte,7895.489940860322,5874244.51600008,31,0
2024-12-01,NE,Nordeste,13769.78814516129,10244722.38,31,0
2024-12-01,S,Sul,13162.192505376452,9792671.22400008,31,0
2024-12-01,SE,Sudeste/Centro-Oeste,44730.57369086032,33279546.82600008,31,0
2025-01-01,N,Norte,7636.911807795162,5681862.3849996,31,0
2025-01-01,NE,Nordeste,13413.73937903258,9979822.09800024,31,0
2025-01-01,S,Sul,15296.750024193549,11380782.018,31,0
2025-01-01,SE,Sudeste/Centro-Oeste,46753.53152956968,34784627.45799984,31,0
2025-02-01,N,Norte,7705.452858631071,5178064.32100008,28,0
2025-02-01,NE,Nordeste,13739.950529761785,9233246.755999919,28,0
2025-02-01,S,Sul,16692.659525297855,11217467.20100016,28,0
2025-02-01,SE,Sudeste/Centro-Oeste,51068.716029761425,34318177.17199968,28,0
2025-03-01,N,Norte,7945.508029570322,5911457.97400032,31,0
2025-03-01,NE,Nordeste,13792.189364247097,10261388.88699984,31,0
2025-03-01,S,Sul,15648.576801075807,11642541.1400004,31,0
2025-03-01,SE,Sudeste/Centro-Oeste,48586.32505376322,36148225.83999984,31,0
2025-04-01,N,Norte,8099.944351389,5831959.93300008,30,0
2025-04-01,NE,Nordeste,13829.252120833668,9957061.52700024,30,0
2025-04-01,S,Sul,13165.044877777667,9478832.31199992,30,0
2025-04-01,SE,Sudeste/Centro-Oeste,44297.410269444,31894135.39399968,30,0
2025-05-01,N,Norte,8147.7982365583875,6061961.88799944,31,0
2025-05-01,NE,Nordeste,13322.290313170968,9911783.9929992,31,0
2025-05-01,S,Sul,12914.781025537419,9608597.08299984,31,0
2025-05-01,SE,Sudeste/Centro-Oeste,41856.35931854871,31141131.33300024,31,0
2025-06-01,N,Norte,8095.044475,5828432.022,30,0
2025-06-01,NE,Nordeste,12762.132684721666,9188735.5329996,30,0
2025-06-01,S,Sul,12704.481897222666,9147226.96600032,30,0
2025-06-01,SE,Sudeste/Centro-Oeste,41058.529588888996,29562141.30400008,30,0
2025-07-01,N,Norte,8168.313709677097,6077225.39999976,31,0
2025-07-01,NE,Nordeste,12209.76264247387,9084063.40600056,31,0
2025-07-01,S,Sul,13400.596584677742,9970043.85900024,31,0
2025-07-01,SE,Sudeste/Centro-Oeste,40356.67471774226,30025365.99000024,31,0
2025-08-01,N,Norte,8616.17933736484,6410437.42699944,31,0
2025-08-01,NE,Nordeste,12449.615200269678,9262513.70900064,31,0
2025-08-01,S,Sul,12499.434439515806,9299579.22299976,31,0
2025-08-01,SE,Sudeste/Centro-Oeste,41177.32930376419,30635933.00200056,31,0
2025-09-01,N,Norte,8931.424348610333,6430625.53099944,30,0
2025-09-01,NE,Nordeste,13036.568203472332,9386329.10650008,30,0
2025-09-01,S,Sul,12596.212222222333,9069272.80000008,30,0
2025-09-01,SE,Sudeste/Centro-Oeste,42854.22092083333,30855039.063,30,0
2025-10-01,N,Norte,8952.695389784516,6660805.36999968,31,0
2025-10-01,NE,Nordeste,13318.657934139677,9909081.50299992,31,0
2025-10-01,S,Sul,12805.386182796776,9527207.3200008,31,0
2025-10-01,SE,Sudeste/Centro-Oeste,43616.251810483554,32450491.34699976,31,0
2025-11-01,N,Norte,8971.999920833334,6459839.943,30,0
2025-11-01,NE,Nordeste,13814.669012499666,9946561.68899976,30,0
2025-11-01,S,Sul,13486.569623610667,9710330.12899968,30,0
2025-11-01,SE,Sudeste/Centro-Oeste,43903.619652777335,31610606.14999968,30,0
2025-12-01,N,Norte,8437.946115591934,6277831.9100004,31,0
2025-12-01,NE,Nordeste,13571.434659947097,10097147.38700064,31,0
2025-12-01,S,Sul,14616.854502687742,10874939.74999968,31,0
2025-12-01,SE,Sudeste/Centro-Oeste,45689.636798387095,33993089.778,31,0
