mes,uf,regiao,consumo_mwh,previsao_consumo_mwh,erro_mwh,erro_absoluto_mwh,erro_percentual_absoluto_pct,modelo
2024-01-01,BA,Nordeste,2401144.401,2160398.21,240746.1910000001,240746.1910000001,10.026310408475933,sazonal_ingenuo_12_meses
2024-02-01,BA,Nordeste,2272219.526,2160697.403,111522.12300000014,111522.12300000014,4.908069916832504,sazonal_ingenuo_12_meses
2024-03-01,BA,Nordeste,2309713.215,2317437.069,-7723.854000000283,7723.854000000283,0.334407490498784,sazonal_ingenuo_12_meses
2024-04-01,BA,Nordeste,2405460.622,2289126.128,116334.49399999995,116334.49399999995,4.836266822912054,sazonal_ingenuo_12_meses
2024-05-01,BA,Nordeste,2315927.159,2280718.902,35208.257000000216,35208.257000000216,1.5202661648133562,sazonal_ingenuo_12_meses
2024-06-01,BA,Nordeste,2352718.599,2215439.007,137279.5919999997,137279.5919999997,5.8349346181200366,sazonal_ingenuo_12_meses
2024-07-01,BA,Nordeste,2277251.521,2106542.831,170708.6900000004,170708.6900000004,7.496259786228523,sazonal_ingenuo_12_meses
2024-08-01,BA,Nordeste,2274255.755,2206374.8540000003,67880.9009999996,67880.9009999996,2.984752301967885,sazonal_ingenuo_12_meses
2024-09-01,BA,Nordeste,2314194.401,2287165.328,27029.07299999986,27029.07299999986,1.1679689912100801,sazonal_ingenuo_12_meses
2024-10-01,BA,Nordeste,2286143.5470000003,2306748.001,-20604.45399999991,20604.45399999991,0.9012756013085081,sazonal_ingenuo_12_meses
2024-11-01,BA,Nordeste,2401338.625,2379025.599,22313.02600000007,22313.02600000007,0.929191150623335,sazonal_ingenuo_12_meses
2024-12-01,BA,Nordeste,2361236.102,2433080.4650000003,-71844.36300000036,71844.36300000036,3.0426590097935224,sazonal_ingenuo_12_meses
2025-01-01,BA,Nordeste,2288415.003,2401144.401,-112729.39800000004,112729.39800000004,4.926090672024844,sazonal_ingenuo_12_meses
2025-02-01,BA,Nordeste,2275815.894,2272219.526,3596.367999999784,3596.367999999784,0.1580254364811016,sazonal_ingenuo_12_meses
2025-03-01,BA,Nordeste,2348060.345,2309713.215,38347.130000000354,38347.130000000354,1.6331407359975816,sazonal_ingenuo_12_meses
2025-04-01,BA,Nordeste,2392412.793,2405460.622,-13047.82899999991,13047.82899999991,0.5453836828734894,sazonal_ingenuo_12_meses
2025-05-01,BA,Nordeste,2357351.904,2315927.159,41424.74500000011,41424.74500000011,1.7572575791382612,sazonal_ingenuo_12_meses
2025-06-01,BA,Nordeste,2280004.195,2352718.599,-72714.4040000001,72714.4040000001,3.189222377724621,sazonal_ingenuo_12_meses
2025-07-01,BA,Nordeste,2215163.897,2277251.521,-62087.6240000003,62087.6240000003,2.8028456081324578,sazonal_ingenuo_12_meses
2025-08-01,BA,Nordeste,2259740.07,2274255.755,-14515.685000000056,14515.685000000056,0.6423608269246673,sazonal_ingenuo_12_meses
2025-09-01,BA,Nordeste,2281069.632,2314194.401,-33124.768999999855,33124.768999999855,1.452159484099425,sazonal_ingenuo_12_meses
2025-10-01,BA,Nordeste,2222723.488,2286143.5470000003,-63420.05900000036,63420.05900000036,2.8532590464982013,sazonal_ingenuo_12_meses
2025-11-01,BA,Nordeste,2383648.356,2401338.625,-17690.268999999855,17690.268999999855,0.7421509534101705,sazonal_ingenuo_12_meses
2025-12-01,BA,Nordeste,2357803.737,2361236.102,-3432.364999999758,3432.364999999758,0.14557466960193208,sazonal_ingenuo_12_meses
2024-01-01,MG,Sudeste,5545890.518999999,5095531.929,450358.58999999985,450358.58999999985,8.120582050025858,sazonal_ingenuo_12_meses
2024-02-01,MG,Sudeste,5260005.386999999,4927133.356000001,332872.03099999856,332872.03099999856,6.328359127210883,sazonal_ingenuo_12_meses
2024-03-01,MG,Sudeste,5665542.965,5619862.411,45680.55399999954,45680.55399999954,0.8062873105402271,sazonal_ingenuo_12_meses
2024-04-01,MG,Sudeste,5638844.07,5326562.350000001,312281.71999999974,312281.71999999974,5.538044963176287,sazonal_ingenuo_12_meses
2024-05-01,MG,Sudeste,5652577.192,5443073.173,209504.0189999994,209504.0189999994,3.70634512159351,sazonal_ingenuo_12_meses
2024-06-01,MG,Sudeste,5604390.684,5270435.264,333955.4199999999,333955.4199999999,5.958817627639892,sazonal_ingenuo_12_meses
2024-07-01,MG,Sudeste,5694551.066,5280897.768,413653.2979999995,413653.2979999995,7.2640194671317655,sazonal_ingenuo_12_meses
2024-08-01,MG,Sudeste,5727643.657,5438757.175999999,288886.4810000006,288886.4810000006,5.043723008971412,sazonal_ingenuo_12_meses
2024-09-01,MG,Sudeste,5691257.131999999,5297051.787,394205.34499999974,394205.34499999974,6.926507375383155,sazonal_ingenuo_12_meses
2024-10-01,MG,Sudeste,5958147.019,5751116.307999999,207030.71100000106,207030.71100000106,3.474749957323956,sazonal_ingenuo_12_meses
2024-11-01,MG,Sudeste,5463519.057,5693792.487000001,-230273.43000000063,230273.43000000063,4.214745617203778,sazonal_ingenuo_12_meses
2024-12-01,MG,Sudeste,5644098.394,5634876.132,9222.262000000104,9222.262000000104,0.1633965490361383,sazonal_ingenuo_12_meses
2025-01-01,MG,Sudeste,5592903.159000001,5545890.518999999,47012.64000000153,47012.64000000153,0.8405766855510384,sazonal_ingenuo_12_meses
2025-02-01,MG,Sudeste,5378744.46,5260005.386999999,118739.07300000079,118739.07300000079,2.207561148945172,sazonal_ingenuo_12_meses
2025-03-01,MG,Sudeste,5968075.358,5665542.965,302532.39300000016,302532.39300000016,5.069178501482322,sazonal_ingenuo_12_meses
2025-04-01,MG,Sudeste,5621634.968,5638844.07,-17209.101999999955,17209.101999999955,0.3061227222677962,sazonal_ingenuo_12_meses
2025-05-01,MG,Sudeste,5687927.371,5652577.192,35350.17900000047,35350.17900000047,0.621494908325201,sazonal_ingenuo_12_meses
2025-06-01,MG,Sudeste,5602441.733,5604390.684,-1948.9510000003502,1948.9510000003502,0.03478752824006122,sazonal_ingenuo_12_meses
2025-07-01,MG,Sudeste,5651377.688,5694551.066,-43173.37799999956,43173.37799999956,0.763944304973155,sazonal_ingenuo_12_meses
2025-08-01,MG,Sudeste,5629505.232,5727643.657,-98138.42499999981,98138.42499999981,1.7432868601337828,sazonal_ingenuo_12_meses
2025-09-01,MG,Sudeste,5650497.958,5691257.131999999,-40759.17399999965,40759.17399999965,0.7213377352396462,sazonal_ingenuo_12_meses
2025-10-01,MG,Sudeste,5895978.55,5958147.019,-62168.46900000051,62168.46900000051,1.0544215599291913,sazonal_ingenuo_12_meses
2025-11-01,MG,Sudeste,5516835.621,5463519.057,53316.564000000246,53316.564000000246,0.9664337976112455,sazonal_ingenuo_12_meses
2025-12-01,MG,Sudeste,5568427.379,5644098.394,-75671.0150000006,75671.0150000006,1.3589297273656804,sazonal_ingenuo_12_meses
2024-01-01,PR,Sul,3362747.2760000005,3051127.678,311619.5980000007,311619.5980000007,9.26681586285227,sazonal_ingenuo_12_meses
2024-02-01,PR,Sul,3320478.728,3031414.447,289064.28099999996,289064.28099999996,8.705500160638282,sazonal_ingenuo_12_meses
2024-03-01,PR,Sul,3460938.7830000003,3160725.0190000003,300213.76399999997,300213.76399999997,8.67434481865552,sazonal_ingenuo_12_meses
2024-04-01,PR,Sul,3402606.327,3138879.246,263727.08100000024,263727.08100000024,7.75073739525202,sazonal_ingenuo_12_meses
2024-05-01,PR,Sul,3332554.583,2987537.933,345016.6499999999,345016.6499999999,10.352918201550127,sazonal_ingenuo_12_meses
2024-06-01,PR,Sul,3165773.575,2879631.224,286142.35100000026,286142.35100000026,9.038623395547177,sazonal_ingenuo_12_meses
2024-07-01,PR,Sul,3170534.611,2929545.921,240988.68999999994,240988.68999999994,7.600885010493265,sazonal_ingenuo_12_meses
2024-08-01,PR,Sul,3213933.764,3016596.167,197337.59700000007,197337.59700000007,6.140064216955034,sazonal_ingenuo_12_meses
2024-09-01,PR,Sul,3203619.5090000005,3023561.638,180057.87100000074,180057.87100000074,5.620451195722842,sazonal_ingenuo_12_meses
2024-10-01,PR,Sul,3346729.282,3165055.443,181673.83900000015,181673.83900000015,5.428399601279735,sazonal_ingenuo_12_meses
2024-11-01,PR,Sul,3379205.0540000005,3160006.875,219198.17900000047,219198.17900000047,6.486678834139801,sazonal_ingenuo_12_meses
2024-12-01,PR,Sul,3294463.8830000004,3207775.958,86687.92500000028,86687.92500000028,2.6313211520491957,sazonal_ingenuo_12_meses
2025-01-01,PR,Sul,3393292.881,3362747.2760000005,30545.604999999516,30545.604999999516,0.9001759079221525,sazonal_ingenuo_12_meses
2025-02-01,PR,Sul,3537098.969,3320478.728,216620.24099999992,216620.24099999992,6.124234659491087,sazonal_ingenuo_12_meses
2025-03-01,PR,Sul,3696037.361000001,3460938.7830000003,235098.57800000068,235098.57800000068,6.360827963502845,sazonal_ingenuo_12_meses
2025-04-01,PR,Sul,3384918.995,3402606.327,-17687.331999999937,17687.331999999937,0.5225333907879807,sazonal_ingenuo_12_meses
2025-05-01,PR,Sul,3246386.436,3332554.583,-86168.14699999988,86168.14699999988,2.65427880194605,sazonal_ingenuo_12_meses
2025-06-01,PR,Sul,3158794.099,3165773.575,-6979.476000000257,6979.476000000257,0.22095381279234996,sazonal_ingenuo_12_meses
2025-07-01,PR,Sul,3232349.28,3170534.611,61814.66899999976,61814.66899999976,1.9123759113062115,sazonal_ingenuo_12_meses
2025-08-01,PR,Sul,3191766.2700000005,3213933.764,-22167.493999999482,22167.493999999482,0.6945212188109087,sazonal_ingenuo_12_meses
2025-09-01,PR,Sul,3172723.268,3203619.5090000005,-30896.241000000387,30896.241000000387,0.9738082520974655,sazonal_ingenuo_12_meses
2025-10-01,PR,Sul,3386413.899,3346729.282,39684.617000000086,39684.617000000086,1.1718773364271524,sazonal_ingenuo_12_meses
2025-11-01,PR,Sul,3305286.952,3379205.0540000005,-73918.10200000042,73918.10200000042,2.236359598227114,sazonal_ingenuo_12_meses
2025-12-01,PR,Sul,3331735.379,3294463.8830000004,37271.49599999981,37271.49599999981,1.1186811604223688,sazonal_ingenuo_12_meses
2024-01-01,RJ,Sudeste,3491216.683,3173012.979,318203.7040000004,318203.7040000004,9.11440717929224,sazonal_ingenuo_12_meses
2024-02-01,RJ,Sudeste,3447485.232,3342186.925,105298.30700000003,105298.30700000003,3.054351212953942,sazonal_ingenuo_12_meses
2024-03-01,RJ,Sudeste,3559219.945,3649939.131,-90719.18600000022,90719.18600000022,2.548850236902126,sazonal_ingenuo_12_meses
2024-04-01,RJ,Sudeste,3443170.8660000004,3339302.289,103868.57700000051,103868.57700000051,3.0166547360650355,sazonal_ingenuo_12_meses
2024-05-01,RJ,Sudeste,3472385.164,3034825.767,437559.3969999999,437559.3969999999,12.601119297951243,sazonal_ingenuo_12_meses
2024-06-01,RJ,Sudeste,3170627.632,2942528.039,228099.59300000034,228099.59300000034,7.1941463796591405,sazonal_ingenuo_12_meses
2024-07-01,RJ,Sudeste,3054819.401,2856981.895,197837.50600000005,197837.50600000005,6.476242292268984,sazonal_ingenuo_12_meses
2024-08-01,RJ,Sudeste,3053966.983,3007333.934,46633.049000000115,46633.049000000115,1.5269663771607356,sazonal_ingenuo_12_meses
2024-09-01,RJ,Sudeste,3151251.611,3054745.315,96506.29600000009,96506.29600000009,3.0624751023729058,sazonal_ingenuo_12_meses
2024-10-01,RJ,Sudeste,3312912.687,3202455.083,110457.60399999982,110457.60399999982,3.334153792626042,sazonal_ingenuo_12_meses
2024-11-01,RJ,Sudeste,3209721.256,3322401.1640000003,-112679.90800000029,112679.90800000029,3.5105823531985942,sazonal_ingenuo_12_meses
2024-12-01,RJ,Sudeste,3286528.768,3460805.347,-174276.5789999999,174276.5789999999,5.302755317308694,sazonal_ingenuo_12_meses
2025-01-01,RJ,Sudeste,3509247.209,3491216.683,18030.525999999605,18030.525999999605,0.5138003943910697,sazonal_ingenuo_12_meses
2025-02-01,RJ,Sudeste,3700213.728,3447485.232,252728.49600000028,252728.49600000028,6.830105355470977,sazonal_ingenuo_12_meses
2025-03-01,RJ,Sudeste,3784775.819,3559219.945,225555.8740000003,225555.8740000003,5.959557046091989,sazonal_ingenuo_12_meses
2025-04-01,RJ,Sudeste,3389655.453,3443170.8660000004,-53515.413000000175,53515.413000000175,1.578786214175148,sazonal_ingenuo_12_meses
2025-05-01,RJ,Sudeste,3188414.653,3472385.164,-283970.51099999994,283970.51099999994,8.906323107404186,sazonal_ingenuo_12_meses
2025-06-01,RJ,Sudeste,2987571.089,3170627.632,-183056.54300000006,183056.54300000006,6.127269863937288,sazonal_ingenuo_12_meses
2025-07-01,RJ,Sudeste,2910078.918,3054819.401,-144740.483,144740.483,4.973764872997853,sazonal_ingenuo_12_meses
2025-08-01,RJ,Sudeste,2945168.622,3053966.983,-108798.36100000003,108798.36100000003,3.6941301149038264,sazonal_ingenuo_12_meses
2025-09-01,RJ,Sudeste,2989319.417,3151251.611,-161932.19400000013,161932.19400000013,5.417025463358175,sazonal_ingenuo_12_meses
2025-10-01,RJ,Sudeste,3101672.136,3312912.687,-211240.55099999998,211240.55099999998,6.810537727318319,sazonal_ingenuo_12_meses
2025-11-01,RJ,Sudeste,3113611.419,3209721.256,-96109.83699999982,96109.83699999982,3.0867640198617803,sazonal_ingenuo_12_meses
2025-12-01,RJ,Sudeste,3343594.164,3286528.768,57065.39599999972,57065.39599999972,1.7067082068276909,sazonal_ingenuo_12_meses
2024-01-01,RS,Sul,2772864.816,2766682.453,6182.362999999896,6182.362999999896,0.22295940877919435,sazonal_ingenuo_12_meses
2024-02-01,RS,Sul,2958558.404,2894929.331,63629.073000000324,63629.073000000324,2.1506782801371505,sazonal_ingenuo_12_meses
2024-03-01,RS,Sul,3057378.075,3013326.499,44051.57600000035,44051.57600000035,1.4408285439150454,sazonal_ingenuo_12_meses
2024-04-01,RS,Sul,2815124.91,2918029.34,-102904.4299999997,102904.4299999997,3.655412576346379,sazonal_ingenuo_12_meses
2024-05-01,RS,Sul,2465770.796,2463457.325,2313.470999999903,2313.470999999903,0.09382344067635325,sazonal_ingenuo_12_meses
2024-06-01,RS,Sul,2432816.716,2440947.971,-8131.254999999888,8131.254999999888,0.33423212470231517,sazonal_ingenuo_12_meses
2024-07-01,RS,Sul,2489717.798,2461912.219,27805.57899999991,27805.57899999991,1.1168164931116387,sazonal_ingenuo_12_meses
2024-08-01,RS,Sul,2780699.273,2459000.233,321699.04000000004,321699.04000000004,11.568997882066192,sazonal_ingenuo_12_meses
2024-09-01,RS,Sul,2588019.181,2463568.216,124450.96499999985,124450.96499999985,4.808734259531744,sazonal_ingenuo_12_meses
2024-10-01,RS,Sul,2537101.3400000003,2412490.711,124610.62900000019,124610.62900000019,4.911535342928011,sazonal_ingenuo_12_meses
2024-11-01,RS,Sul,2689926.671,2499648.701,190277.9700000002,190277.9700000002,7.0737233119170115,sazonal_ingenuo_12_meses
2024-12-01,RS,Sul,2753942.375,2662957.061,90985.31399999978,90985.31399999978,3.303820545627785,sazonal_ingenuo_12_meses
2025-01-01,RS,Sul,2815862.957,2772864.816,42998.14099999983,42998.14099999983,1.526996933324118,sazonal_ingenuo_12_meses
2025-02-01,RS,Sul,3250185.939,2958558.404,291627.5349999997,291627.5349999997,8.97264158030682,sazonal_ingenuo_12_meses
2025-03-01,RS,Sul,3339216.358,3057378.075,281838.2829999998,281838.2829999998,8.440252226387775,sazonal_ingenuo_12_meses
2025-04-01,RS,Sul,2957700.756,2815124.91,142575.8459999999,142575.8459999999,4.820495978532316,sazonal_ingenuo_12_meses
2025-05-01,RS,Sul,2663501.108,2465770.796,197730.31199999992,197730.31199999992,7.423699258322213,sazonal_ingenuo_12_meses
2025-06-01,RS,Sul,2651378.168,2432816.716,218561.45200000005,218561.45200000005,8.24331491591282,sazonal_ingenuo_12_meses
2025-07-01,RS,Sul,2800575.702,2489717.798,310857.9040000001,310857.9040000001,11.099785796827573,sazonal_ingenuo_12_meses
2025-08-01,RS,Sul,2744921.514,2780699.273,-35777.75900000008,35777.75900000008,1.3034164662822514,sazonal_ingenuo_12_meses
2025-09-01,RS,Sul,2651383.423,2588019.181,63364.242000000086,63364.242000000086,2.3898558560158913,sazonal_ingenuo_12_meses
2025-10-01,RS,Sul,2662144.463,2537101.3400000003,125043.12299999967,125043.12299999967,4.697082548972087,sazonal_ingenuo_12_meses
2025-11-01,RS,Sul,2652367.489,2689926.671,-37559.18200000003,37559.18200000003,1.4160625236045497,sazonal_ingenuo_12_meses
2025-12-01,RS,Sul,2949328.575,2753942.375,195386.2000000002,195386.2000000002,6.6247688255622785,sazonal_ingenuo_12_meses
2024-01-01,SP,Sudeste,12389253.536,11286106.805,1103146.7310000006,1103146.7310000006,8.904061312447425,sazonal_ingenuo_12_meses
2024-02-01,SP,Sudeste,12426746.049,11540030.003,886716.0460000001,886716.0460000001,7.135544916614397,sazonal_ingenuo_12_meses
2024-03-01,SP,Sudeste,12768301.03,11841790.819,926510.2109999992,926510.2109999992,7.256331197260309,sazonal_ingenuo_12_meses
2024-04-01,SP,Sudeste,12558991.055,12070175.547,488815.50799999945,488815.50799999945,3.892155873503801,sazonal_ingenuo_12_meses
2024-05-01,SP,Sudeste,12776183.381,11178451.806,1597731.5749999993,1597731.5749999993,12.505546667215603,sazonal_ingenuo_12_meses
2024-06-01,SP,Sudeste,12184666.008,11368109.256,816556.7520000003,816556.7520000003,6.701511157251907,sazonal_ingenuo_12_meses
2024-07-01,SP,Sudeste,11616456.866,11107358.938,509097.92800000124,509097.92800000124,4.382557727133399,sazonal_ingenuo_12_meses
2024-08-01,SP,Sudeste,12015115.818,11409601.025,605514.7929999996,605514.7929999996,5.039608457979823,sazonal_ingenuo_12_meses
2024-09-01,SP,Sudeste,12287611.894,11950008.547,337603.34699999914,337603.34699999914,2.7475098490443837,sazonal_ingenuo_12_meses
2024-10-01,SP,Sudeste,12776922.199,12251199.472,525722.727,525722.727,4.114627285130893,sazonal_ingenuo_12_meses
2024-11-01,SP,Sudeste,12587245.575,12543915.397,43330.177999999374,43330.177999999374,0.344238759320459,sazonal_ingenuo_12_meses
2024-12-01,SP,Sudeste,12542877.162,12789351.538,-246474.37600000016,246474.37600000016,1.9650545310825565,sazonal_ingenuo_12_meses
2025-01-01,SP,Sudeste,12565203.493,12389253.536,175949.9570000004,175949.9570000004,1.4002953242899812,sazonal_ingenuo_12_meses
2025-02-01,SP,Sudeste,12841561.303,12426746.049,414815.2539999988,414815.2539999988,3.230255606871504,sazonal_ingenuo_12_meses
2025-03-01,SP,Sudeste,13240527.839,12768301.03,472226.80900000036,472226.80900000036,3.566525555039093,sazonal_ingenuo_12_meses
2025-04-01,SP,Sudeste,12708768.746,12558991.055,149777.69099999964,149777.69099999964,1.178538173079443,sazonal_ingenuo_12_meses
2025-05-01,SP,Sudeste,12299449.931,12776183.381,-476733.44999999925,476733.44999999925,3.8760550485954837,sazonal_ingenuo_12_meses
2025-06-01,SP,Sudeste,11843531.77,12184666.008,-341134.2379999999,341134.2379999999,2.880342153208915,sazonal_ingenuo_12_meses
2025-07-01,SP,Sudeste,11593458.898,11616456.866,-22997.968000000343,22997.968000000343,0.19837020342537934,sazonal_ingenuo_12_meses
2025-08-01,SP,Sudeste,11998508.755,12015115.818,-16607.06299999915,16607.06299999915,0.13840939185945653,sazonal_ingenuo_12_meses
2025-09-01,SP,Sudeste,12130603.653,12287611.894,-157008.24099999852,157008.24099999852,1.2943151510944721,sazonal_ingenuo_12_meses
2025-10-01,SP,Sudeste,12521198.042,12776922.199,-255724.15699999966,255724.15699999966,2.0423297845958603,sazonal_ingenuo_12_meses
2025-11-01,SP,Sudeste,12569501.448,12587245.575,-17744.126999998465,17744.126999998465,0.1411681049833669,sazonal_ingenuo_12_meses
2025-12-01,SP,Sudeste,12603730.375,12542877.162,60853.21299999952,60853.21299999952,0.4828190637964161,sazonal_ingenuo_12_meses
