uf,mes,consumo_mwh,previsao_consumo_mwh,erro_absoluto_mwh,erro_percentual_absoluto_pct
BA,2024-01-01,2401144.401,2160398.21,240746.1910000001,10.026310408475933
BA,2024-07-01,2277251.521,2106542.831,170708.6900000004,7.496259786228523
BA,2024-06-01,2352718.599,2215439.007,137279.5919999997,5.8349346181200366
MG,2024-01-01,5545890.518999999,5095531.929,450358.5899999999,8.120582050025858
MG,2024-07-01,5694551.066,5280897.768,413653.2979999995,7.264019467131765
MG,2024-09-01,5691257.131999999,5297051.787,394205.3449999997,6.926507375383155
PR,2024-05-01,3332554.583,2987537.933,345016.6499999999,10.352918201550128
PR,2024-01-01,3362747.2760000005,3051127.678,311619.5980000007,9.26681586285227
PR,2024-06-01,3165773.575,2879631.224,286142.35100000026,9.038623395547177
RJ,2024-05-01,3472385.164,3034825.767,437559.3969999999,12.601119297951245
RJ,2024-01-01,3491216.683,3173012.979,318203.7040000004,9.11440717929224
RJ,2025-05-01,3188414.653,3472385.164,283970.51099999994,8.906323107404186
RS,2024-08-01,2780699.273,2459000.233,321699.04000000004,11.568997882066192
RS,2025-07-01,2800575.702,2489717.798,310857.9040000001,11.099785796827572
RS,2025-02-01,3250185.939,2958558.404,291627.5349999997,8.97264158030682
SP,2024-05-01,12776183.381,11178451.806,1597731.5749999993,12.505546667215604
SP,2024-01-01,12389253.536,11286106.805,1103146.7310000006,8.904061312447425
SP,2024-03-01,12768301.03,11841790.819,926510.2109999992,7.256331197260309
