mes,uf,regiao,sistema_epe,consumo_mwh,numero_consumidores,id_subsistema,consumo_mwh_por_consumidor
2015-01-01,BA,Nordeste,NORDESTE,2086183.676,5609921,NE,0.3718739846782156
2015-01-01,MG,Sudeste,SUDESTE / CENTRO - OESTE,4490375.786,8534870,SE,0.5261211695081472
2015-01-01,PR,Sul,SUL,2554074.0,4461731,S,0.5724401583152369
2015-01-01,RJ,Sudeste,SUDESTE / CENTRO - OESTE,3959162.46,6959628,SE,0.5688755864537587
2015-01-01,RS,Sul,SUL,2718925.309,4429752,S,0.6137872524240634
2015-01-01,SP,Sudeste,SUDESTE / CENTRO - OESTE,11481676.0,17496706,SE,0.656219290648194
2015-02-01,BA,Nordeste,NORDESTE,2012148.598,5622701,NE,0.3578615683103192
2015-02-01,MG,Sudeste,SUDESTE / CENTRO - OESTE,4590876.5309999995,8543732,SE,0.5373385460826721
2015-02-01,PR,Sul,SUL,2680958.0,4472080,S,0.5994879340262249
2015-02-01,RJ,Sudeste,SUDESTE / CENTRO - OESTE,3806013.34,6957781,SE,0.547015397581499
2015-02-01,RS,Sul,SUL,2812330.3,4435630,S,0.6340317609899834
2015-02-01,SP,Sudeste,SUDESTE / CENTRO - OESTE,11507491.0,17573892,SE,0.6548060611730173
2015-03-01,BA,Nordeste,NORDESTE,2120682.0719999997,5635684,NE,0.3762954189766495
2015-03-01,MG,Sudeste,SUDESTE / CENTRO - OESTE,4307554.691,8560407,SE,0.5031950806778228
2015-03-01,PR,Sul,SUL,2526254.0,4485043,S,0.563261935281334
2015-03-01,RJ,Sudeste,SUDESTE / CENTRO - OESTE,3819182.7199999997,6994715,SE,0.5460097688040184
2015-03-01,RS,Sul,SUL,2711005.0,4441906,S,0.6103247119592355
2015-03-01,SP,Sudeste,SUDESTE / CENTRO - OESTE,11031343.0,17597067,SE,0.6268853212867803
2015-04-01,BA,Nordeste,NORDESTE,2077299.821,5648741,NE,0.36774563057502546
2015-04-01,MG,Sudeste,SUDESTE / CENTRO - OESTE,4463240.88,8579376,SE,0.5202290795973973
2015-04-01,PR,Sul,SUL,2569563.0,4495452,S,0.5715916886666791
2015-04-01,RJ,Sudeste,SUDESTE / CENTRO - OESTE,3535738.14,6993201,SE,0.5055965272555444
2015-04-01,RS,Sul,SUL,2629654.6,4447895,S,0.5912132817883516
2015-04-01,SP,Sudeste,SUDESTE / CENTRO - OESTE,11270450.0,17666211,SE,0.6379664547196906
2015-05-01,BA,Nordeste,NORDESTE,2069074.3599999999,5661663,NE,0.3654534648212018
2015-05-01,MG,Sudeste,SUDESTE / CENTRO - OESTE,4307339.6280000005,8589699,SE,0.5014540821511907
2015-05-01,PR,Sul,SUL,2422206.0,4502544,S,0.5379638710915429
2015-05-01,RJ,Sudeste,SUDESTE / CENTRO - OESTE,3326824.48,7006942,SE,0.47478978418830925
2015-05-01,RS,Sul,SUL,2369742.3,4452073,S,0.5322784015446287
2015-05-01,SP,Sudeste,SUDESTE / CENTRO - OESTE,10752521.52,17709557,SE,0.6071592598278996
2015-06-01,BA,Nordeste,NORDESTE,1955895.0860000001,5672785,NE,0.34478568921614344
2015-06-01,MG,Sudeste,SUDESTE / CENTRO - OESTE,4318477.641,8600126,SE,0.5021412059544244
2015-06-01,PR,Sul,SUL,2394799.0,4512012,S,0.5307607781184979
2015-06-01,RJ,Sudeste,SUDESTE / CENTRO - OESTE,3171546.0,7012156,SE,0.45229256166006576
2015-06-01,RS,Sul,SUL,2312310.0,4456287,S,0.51888713630877
2015-06-01,SP,Sudeste,SUDESTE / CENTRO - OESTE,10386669.0,17754681,SE,0.5850101728102014
2015-07-01,BA,Nordeste,NORDESTE,1895443.29,5687514,NE,0.33326393394372306
2015-07-01,MG,Sudeste,SUDESTE / CENTRO - OESTE,4234924.473,8617843,SE,0.491413509505801
2015-07-01,PR,Sul,SUL,2384649.0,4521091,S,0.5274499009199328
2015-07-01,RJ,Sudeste,SUDESTE / CENTRO - OESTE,3101487.0,7022808,SE,0.44163061271218007
2015-07-01,RS,Sul,SUL,2290581.0,4455978,S,0.5140467479866373
2015-07-01,SP,Sudeste,SUDESTE / CENTRO - OESTE,10315312.0,17716313,SE,0.582249365316587
2015-08-01,BA,Nordeste,NORDESTE,1925103.309,5699878,NE,0.3377446515521911
2015-08-01,MG,Sudeste,SUDESTE / CENTRO - OESTE,4403513.165,8634801,SE,0.5099727445948089
2015-08-01,PR,Sul,SUL,2437625.0,4524560,S,0.5387540445921813
2015-08-01,RJ,Sudeste,SUDESTE / CENTRO - OESTE,3204603.0,7032094,SE,0.45571105846992377
2015-08-01,RS,Sul,SUL,2334154.5,4326318,S,0.5395244871042767
2015-08-01,SP,Sudeste,SUDESTE / CENTRO - OESTE,10584714.0,17731069,SE,0.5969585928519031
2015-09-01,BA,Nordeste,NORDESTE,1894249.987,5713176,NE,0.33155813631507236
2015-09-01,MG,Sudeste,SUDESTE / CENTRO - OESTE,4433693.193,8649693,SE,0.5125838793353706
2015-09-01,PR,Sul,SUL,2436549.35,4525131,S,0.5384483565227173
2015-09-01,RJ,Sudeste,SUDESTE / CENTRO - OESTE,3093498.8200000003,7041516,SE,0.4393228418425805
2015-09-01,RS,Sul,SUL,2256526.0,4437894,S,0.508467755201003
2015-09-01,SP,Sudeste,SUDESTE / CENTRO - OESTE,10513696.0,17783630,SE,0.5912007840918867
2015-10-01,BA,Nordeste,NORDESTE,2011883.059,5729171,NE,0.3511647774171865
2015-10-01,MG,Sudeste,SUDESTE / CENTRO - OESTE,4504864.34,8663815,SE,0.5199631270981663
2015-10-01,PR,Sul,SUL,2482648.64,4537110,S,0.5471872271115313
2015-10-01,RJ,Sudeste,SUDESTE / CENTRO - OESTE,3330141.0,7050582,SE,0.4723214338901384
2015-10-01,RS,Sul,SUL,2263496.54,4474901,S,0.5058204728998474
2015-10-01,SP,Sudeste,SUDESTE / CENTRO - OESTE,11042641.6,17836372,SE,0.6191080562796066
2015-11-01,BA,Nordeste,NORDESTE,2012012.3399999999,5740553,NE,0.3504910310905587
2015-11-01,MG,Sudeste,SUDESTE / CENTRO - OESTE,4533535.723999999,8681125,SE,0.522229057178649
2015-11-01,PR,Sul,SUL,2495991.64,4542778,S,0.5494416940471227
2015-11-01,RJ,Sudeste,SUDESTE / CENTRO - OESTE,3398824.38,7055178,SE,0.4817489197295943
2015-11-01,RS,Sul,SUL,2288796.5,4477552,S,0.511171394547735
2015-11-01,SP,Sudeste,SUDESTE / CENTRO - OESTE,11041426.0,17883973,SE,0.6173922315807567
2015-12-01,BA,Nordeste,NORDESTE,2089120.577,5755637,NE,0.3629694813971069
2015-12-01,MG,Sudeste,SUDESTE / CENTRO - OESTE,4228408.041999999,8669569,SE,0.4877299023746163
2015-12-01,PR,Sul,SUL,2475701.02,4551900,S,0.5438829983083987
2015-12-01,RJ,Sudeste,SUDESTE / CENTRO - OESTE,3381918.9,7075372,SE,0.4779846063217595
2015-12-01,RS,Sul,SUL,2322857.65,4482507,S,0.5182050245543398
2015-12-01,SP,Sudeste,SUDESTE / CENTRO - OESTE,10886792.0,17892445,SE,0.6084574802381676
2016-01-01,BA,Nordeste,NORDESTE,2005205.001,5763113,NE,0.34793782474853435
2016-01-01,MG,Sudeste,SUDESTE / CENTRO - OESTE,4301269.0,8713167,SE,0.49365161943986613
2016-01-01,PR,Sul,SUL,2413368.92,4557107,S,0.5295835537765516
2016-01-01,RJ,Sudeste,SUDESTE / CENTRO - OESTE,3727729.6799999997,7032950,SE,0.5300378475604121
2016-01-01,RS,Sul,SUL,2612238.96,4488187,S,0.5820254280848814
2016-01-01,SP,Sudeste,SUDESTE / CENTRO - OESTE,10477738.0,18019881,SE,0.5814543392378674
2016-02-01,BA,Nordeste,NORDESTE,1912580.0019999999,5770824,NE,0.33142234141952687
2016-02-01,MG,Sudeste,SUDESTE / CENTRO - OESTE,4340956.0,8722676,SE,0.4976633317573644
2016-02-01,PR,Sul,SUL,2591840.8200000003,4564099,S,0.5678756792961765
2016-02-01,RJ,Sudeste,SUDESTE / CENTRO - OESTE,3524041.04,7033921,SE,0.5010066277400613
2016-02-01,RS,Sul,SUL,2762022.62,4489197,S,0.6152598382294205
2016-02-01,SP,Sudeste,SUDESTE / CENTRO - OESTE,10736196.0,18059962,SE,0.5944750049861678
2016-03-01,BA,Nordeste,NORDESTE,2144824.0,5782674,NE,0.37090522481467914
2016-03-01,MG,Sudeste,SUDESTE / CENTRO - OESTE,4303480.0,8715499,SE,0.4937732194106155
2016-03-01,PR,Sul,SUL,2545457.59,4573561,S,0.5565592303240298
2016-03-01,RJ,Sudeste,SUDESTE / CENTRO - OESTE,3600511.62,7040871,SE,0.5113730417728147
2016-03-01,RS,Sul,SUL,2718245.98,4496009,S,0.6045908671446165
2016-03-01,SP,Sudeste,SUDESTE / CENTRO - OESTE,10780606.0,17971343,SE,0.5998775940117552
2016-04-01,BA,Nordeste,NORDESTE,2003056.0,5794896,NE,0.34565866238151643
2016-04-01,MG,Sudeste,SUDESTE / CENTRO - OESTE,4667026.0,8754496,SE,0.5331004777430933
2016-04-01,PR,Sul,SUL,2648076.88,4581515,S,0.577991533368329
2016-04-01,RJ,Sudeste,SUDESTE / CENTRO - OESTE,3642531.2,7042330,SE,0.5172338132407882
2016-04-01,RS,Sul,SUL,2597643.13,4499876,S,0.5772699358826776
2016-04-01,SP,Sudeste,SUDESTE / CENTRO - OESTE,11310303.0,18013173,SE,0.6278906553553891
2016-05-01,BA,Nordeste,NORDESTE,2052298.63,5806118,NE,0.35347173963739625
2016-05-01,MG,Sudeste,SUDESTE / CENTRO - OESTE,4538198.0,8786156,SE,0.5165168931669322
2016-05-01,PR,Sul,SUL,2487965.48,4587189,S,0.5423725684727618
2016-05-01,RJ,Sudeste,SUDESTE / CENTRO - OESTE,3327946.16,7053002,SE,0.47184818039183885
2016-05-01,RS,Sul,SUL,2466497.66,4500266,S,0.5480781936001117
2016-05-01,SP,Sudeste,SUDESTE / CENTRO - OESTE,10579537.0,18035027,SE,0.5866105440263549
2016-06-01,BA,Nordeste,NORDESTE,1988550.847,5818862,NE,0.34174222502613055
2016-06-01,MG,Sudeste,SUDESTE / CENTRO - OESTE,4641623.0,8800900,SE,0.5274032201252145
2016-06-01,PR,Sul,SUL,2395877.1,4591670,S,0.5217877373591744
2016-06-01,RJ,Sudeste,SUDESTE / CENTRO - OESTE,3024187.86,7057398,SE,0.4285131517309921
2016-06-01,RS,Sul,SUL,2410183.81,4501205,S,0.5354530198024752
2016-06-01,SP,Sudeste,SUDESTE / CENTRO - OESTE,10231620.0,18063583,SE,0.5664225087569836
2016-07-01,BA,Nordeste,NORDESTE,1897585.846,5825881,NE,0.3257165475916861
2016-07-01,MG,Sudeste,SUDESTE / CENTRO - OESTE,4402989.0,8815426,SE,0.4994641211893787
2016-07-01,PR,Sul,SUL,2393107.0,4594441,S,0.5208701123814627
2016-07-01,RJ,Sudeste,SUDESTE / CENTRO - OESTE,2930817.38,7057256,SE,0.41529135119938965
2016-07-01,RS,Sul,SUL,2416272.89,4502709,S,0.5366264819689658
2016-07-01,SP,Sudeste,SUDESTE / CENTRO - OESTE,10296693.0,18112019,SE,0.5685005630791354
2016-08-01,BA,Nordeste,NORDESTE,1939835.0,5835558,NE,0.3324163687517115
2016-08-01,MG,Sudeste,SUDESTE / CENTRO - OESTE,4549837.0,8818464,SE,0.5159443866868425
2016-08-01,PR,Sul,SUL,2384019.8,4597473,S,0.518550038249273
2016-08-01,RJ,Sudeste,SUDESTE / CENTRO - OESTE,3091408.76,7058868,SE,0.4379468152683971
2016-08-01,RS,Sul,SUL,2367043.76,4507214,S,0.5251678220736801
2016-08-01,SP,Sudeste,SUDESTE / CENTRO - OESTE,10309737.0,18154569,SE,0.5678866295311115
2016-09-01,BA,Nordeste,NORDESTE,1955652.0,5840451,NE,0.33484605897729475
2016-09-01,MG,Sudeste,SUDESTE / CENTRO - OESTE,4715825.0,8828597,SE,0.5341533881317723
2016-09-01,PR,Sul,SUL,2384015.4,4600234,S,0.5182378548569485
2016-09-01,RJ,Sudeste,SUDESTE / CENTRO - OESTE,3153057.0,7085522,SE,0.44499995907146994
2016-09-01,RS,Sul,SUL,2332865.25,4510618,S,0.5171941516661354
2016-09-01,SP,Sudeste,SUDESTE / CENTRO - OESTE,10572897.0,18141652,SE,0.5827968147553486
2016-10-01,BA,Nordeste,NORDESTE,1989559.0,5842036,NE,0.34055918176471356
2016-10-01,MG,Sudeste,SUDESTE / CENTRO - OESTE,4618801.0,8801474,SE,0.5247758500451174
2016-10-01,PR,Sul,SUL,2371816.59,4606476,S,0.5148874302178064
2016-10-01,RJ,Sudeste,SUDESTE / CENTRO - OESTE,3235420.9,7096806,SE,0.4558981744745453
2016-10-01,RS,Sul,SUL,2249645.74,4512149,S,0.4985752332203569
2016-10-01,SP,Sudeste,SUDESTE / CENTRO - OESTE,10486686.0,18150451,SE,0.5777644864031203
2016-11-01,BA,Nordeste,NORDESTE,2012128.0,5844755,NE,0.34426216325577375
2016-11-01,MG,Sudeste,SUDESTE / CENTRO - OESTE,4619249.0,8847650,SE,0.5220876729979147
2016-11-01,PR,Sul,SUL,2489038.4280000003,4610560,S,0.5398559888603555
2016-11-01,RJ,Sudeste,SUDESTE / CENTRO - OESTE,3262119.46,7106615,SE,0.45902577528119926
2016-11-01,RS,Sul,SUL,2305684.68,4513975,S,0.5107880925348501
2016-11-01,SP,Sudeste,SUDESTE / CENTRO - OESTE,10687240.0,18211034,SE,0.5868551999848004
2016-12-01,BA,Nordeste,NORDESTE,2044138.909,5855452,NE,0.3491001051669453
2016-12-01,MG,Sudeste,SUDESTE / CENTRO - OESTE,4402963.0,8852395,SE,0.49737534305687897
2016-12-01,PR,Sul,SUL,2493792.793,4615594,S,0.5402972603309564
2016-12-01,RJ,Sudeste,SUDESTE / CENTRO - OESTE,3369976.88,7133748,SE,0.4723992044574605
2016-12-01,RS,Sul,SUL,2583953.19,4536890,S,0.5695428344085927
2016-12-01,SP,Sudeste,SUDESTE / CENTRO - OESTE,10701418.0,18215874,SE,0.587477603325539
2017-01-01,BA,Nordeste,NORDESTE,2080947.866,5862062,NE,0.3549856460064735
2017-01-01,MG,Sudeste,SUDESTE / CENTRO - OESTE,4444518.54,8868024,SE,0.5011847667529993
2017-01-01,PR,Sul,SUL,2517644.2,4622161,S,0.5446898539449405
2017-01-01,RJ,Sudeste,SUDESTE / CENTRO - OESTE,3708164.7199999997,7128892,SE,0.5201600360897598
2017-01-01,RS,Sul,SUL,2712978.82,4538909,S,0.5977160634857407
2017-01-01,SP,Sudeste,SUDESTE / CENTRO - OESTE,10670245.0,18232869,SE,0.5852202963779315
2017-02-01,BA,Nordeste,NORDESTE,1927898.0,5868235,NE,0.3285311511894122
2017-02-01,MG,Sudeste,SUDESTE / CENTRO - OESTE,4528533.42,8870168,SE,0.5105352480358883
2017-02-01,PR,Sul,SUL,2621158.57,4626207,S,0.5665891236600523
2017-02-01,RJ,Sudeste,SUDESTE / CENTRO - OESTE,3587150.7199999997,7103355,SE,0.5049938683903592
2017-02-01,RS,Sul,SUL,2732254.24,4536517,S,0.6022801722114125
2017-02-01,SP,Sudeste,SUDESTE / CENTRO - OESTE,10623763.0,18334036,SE,0.5794557728587421
2017-03-01,BA,Nordeste,NORDESTE,2103181.251,5870453,NE,0.3582655803564052
2017-03-01,MG,Sudeste,SUDESTE / CENTRO - OESTE,4444534.720000001,8893216,SE,0.49976686948793336
2017-03-01,PR,Sul,SUL,2705931.56,4639564,S,0.583229708653658
2017-03-01,RJ,Sudeste,SUDESTE / CENTRO - OESTE,3797915.24,7133772,SE,0.532385285091814
2017-03-01,RS,Sul,SUL,2886028.74,4554304,S,0.6336925993521733
2017-03-01,SP,Sudeste,SUDESTE / CENTRO - OESTE,11056750.0,18314222,SE,0.6037247992298007
2017-04-01,BA,Nordeste,NORDESTE,2018858.278,5875934,NE,0.3435808295328028
2017-04-01,MG,Sudeste,SUDESTE / CENTRO - OESTE,4645865.92,8901138,SE,0.5219406687100009
2017-04-01,PR,Sul,SUL,2685501.42,4642532,S,0.5784562001942044
2017-04-01,RJ,Sudeste,SUDESTE / CENTRO - OESTE,3285943.4,7131834,SE,0.4607431132020179
2017-04-01,RS,Sul,SUL,2603220.44,4552275,S,0.5718504352219494
2017-04-01,SP,Sudeste,SUDESTE / CENTRO - OESTE,11097089.0,18307357,SE,0.6061546186049684
2017-05-01,BA,Nordeste,NORDESTE,2065445.918,5882818,NE,0.3510980482483055
2017-05-01,MG,Sudeste,SUDESTE / CENTRO - OESTE,4420911.0,8908489,SE,0.49625823189544266
2017-05-01,PR,Sul,SUL,2449021.05,4648363,S,0.5268566697566434
2017-05-01,RJ,Sudeste,SUDESTE / CENTRO - OESTE,3134241.02,7140522,SE,0.4389372401625539
2017-05-01,RS,Sul,SUL,2379274.07,4567561,S,0.520906906333599
2017-05-01,SP,Sudeste,SUDESTE / CENTRO - OESTE,10518038.0,18371731,SE,0.5725120839184942
2017-06-01,BA,Nordeste,NORDESTE,2039101.952,5885983,NE,0.3464335442355168
2017-06-01,MG,Sudeste,SUDESTE / CENTRO - OESTE,4550751.029999999,8921947,SE,0.5100625491274493
2017-06-01,PR,Sul,SUL,2484284.8,4654345,S,0.5337560494548642
2017-06-01,RJ,Sudeste,SUDESTE / CENTRO - OESTE,2966468.0,7136741,SE,0.4156614342596992
2017-06-01,RS,Sul,SUL,2398719.65,4570017,S,0.5248819971566845
2017-06-01,SP,Sudeste,SUDESTE / CENTRO - OESTE,10549509.24,18385935,SE,0.5737814932990898
2017-07-01,BA,Nordeste,NORDESTE,1977196.666,5885785,NE,0.33592743635725736
2017-07-01,MG,Sudeste,SUDESTE / CENTRO - OESTE,4352092.0,8923285,SE,0.4877230750782924
2017-07-01,PR,Sul,SUL,2443806.87,4661398,S,0.5242647956685956
2017-07-01,RJ,Sudeste,SUDESTE / CENTRO - OESTE,2870511.46,7154079,SE,0.4012412303526422
2017-07-01,RS,Sul,SUL,2395691.48,4577225,S,0.5233938641862701
2017-07-01,SP,Sudeste,SUDESTE / CENTRO - OESTE,10436004.0,18408178,SE,0.5669221581842592
2017-08-01,BA,Nordeste,NORDESTE,1980862.494,5894154,NE,0.33607240224805796
2017-08-01,MG,Sudeste,SUDESTE / CENTRO - OESTE,4487171.26,8938290,SE,0.5020167459323875
2017-08-01,PR,Sul,SUL,2525365.0,4670649,S,0.5406882426831903
2017-08-01,RJ,Sudeste,SUDESTE / CENTRO - OESTE,2927038.07,7194059,SE,0.40686878853787545
2017-08-01,RS,Sul,SUL,2389707.95,4582320,S,0.5215061257179769
2017-08-01,SP,Sudeste,SUDESTE / CENTRO - OESTE,10318003.76,18441631,SE,0.5594951856481675
2017-09-01,BA,Nordeste,NORDESTE,1928948.585,5898134,NE,0.3270438726892268
2017-09-01,MG,Sudeste,SUDESTE / CENTRO - OESTE,4585258.890000001,8936676,SE,0.5130832638444093
2017-09-01,PR,Sul,SUL,2577527.0,4678056,S,0.5509825021333647
2017-09-01,RJ,Sudeste,SUDESTE / CENTRO - OESTE,2866071.0,7189249,SE,0.39866069460106335
2017-09-01,RS,Sul,SUL,2433882.1799999997,4589315,S,0.5303367016646274
2017-09-01,SP,Sudeste,SUDESTE / CENTRO - OESTE,11114087.0,18458937,SE,0.6020978889521102
2017-10-01,BA,Nordeste,NORDESTE,2104313.8370000003,5904927,NE,0.3563657665878004
2017-10-01,MG,Sudeste,SUDESTE / CENTRO - OESTE,4461929.27,8934057,SE,0.4994292369077116
2017-10-01,PR,Sul,SUL,2567293.0,4683953,S,0.5481039199155072
2017-10-01,RJ,Sudeste,SUDESTE / CENTRO - OESTE,3185710.04,7150859,SE,0.4455003294009853
2017-10-01,RS,Sul,SUL,2359202.21,4596993,S,0.5132055258731087
2017-10-01,SP,Sudeste,SUDESTE / CENTRO - OESTE,10974953.0,18495768,SE,0.5933764415730128
2017-11-01,BA,Nordeste,NORDESTE,2050618.0,5910450,NE,0.3469478635298497
2017-11-01,MG,Sudeste,SUDESTE / CENTRO - OESTE,4759310.05,8946611,SE,0.531967920590266
2017-11-01,PR,Sul,SUL,2553567.0,4693730,S,0.5440378973652085
2017-11-01,RJ,Sudeste,SUDESTE / CENTRO - OESTE,3215200.0,7237205,SE,0.4442599042033492
2017-11-01,RS,Sul,SUL,2389456.54,4607628,S,0.518587121182526
2017-11-01,SP,Sudeste,SUDESTE / CENTRO - OESTE,11103566.0,18548208,SE,0.5986328167119972
2017-12-01,BA,Nordeste,NORDESTE,2054081.072,5919837,NE,0.34698270780090734
2017-12-01,MG,Sudeste,SUDESTE / CENTRO - OESTE,4459524.720000001,8955490,SE,0.49796546252633866
2017-12-01,PR,Sul,SUL,2594442.0,4699812,S,0.5520310174109092
2017-12-01,RJ,Sudeste,SUDESTE / CENTRO - OESTE,3337756.38,7329971,SE,0.4553573786308295
2017-12-01,RS,Sul,SUL,2560483.49,4653725,S,0.5502008584521002
2017-12-01,SP,Sudeste,SUDESTE / CENTRO - OESTE,11145069.0,18577400,SE,0.5999262006524057
2018-01-01,BA,Nordeste,NORDESTE,2094036.8569999998,5925208,NE,0.35341153542626685
2018-01-01,MG,Sudeste,SUDESTE / CENTRO - OESTE,4716736.561,8964009,SE,0.5261860581576837
2018-01-01,PR,Sul,SUL,2597856.9450000003,4708100,S,0.5517845723327882
2018-01-01,RJ,Sudeste,SUDESTE / CENTRO - OESTE,3614646.431,7190834,SE,0.5026741586580916
2018-01-01,RS,Sul,SUL,2830644.407,4655536,S,0.6080168657271687
2018-01-01,SP,Sudeste,SUDESTE / CENTRO - OESTE,10882701.293,18629158,SE,0.5841756934478735
2018-02-01,BA,Nordeste,NORDESTE,2000892.385,5932609,NE,0.33727022714626903
2018-02-01,MG,Sudeste,SUDESTE / CENTRO - OESTE,4551117.417,8967512,SE,0.5075117175198651
2018-02-01,PR,Sul,SUL,2641400.336,4710291,S,0.5607722189563236
2018-02-01,RJ,Sudeste,SUDESTE / CENTRO - OESTE,3368689.098,7178292,SE,0.46928839033017883
2018-02-01,RS,Sul,SUL,2751006.611,4684372,S,0.5872733017360705
2018-02-01,SP,Sudeste,SUDESTE / CENTRO - OESTE,10931881.407,18663622,SE,0.5857320410261202
2018-03-01,BA,Nordeste,NORDESTE,2075772.4160000002,5942827,NE,0.3492903993335159
2018-03-01,MG,Sudeste,SUDESTE / CENTRO - OESTE,4688540.473,8976343,SE,0.5223218935595487
2018-03-01,PR,Sul,SUL,2773964.593,4719819,S,0.5877269007561519
2018-03-01,RJ,Sudeste,SUDESTE / CENTRO - OESTE,3739433.1520000002,7236323,SE,0.5167587394868913
2018-03-01,RS,Sul,SUL,2815808.831,4695526,S,0.5996791053867021
2018-03-01,SP,Sudeste,SUDESTE / CENTRO - OESTE,11487908.569,18706812,SE,0.6141029572008314
2018-04-01,BA,Nordeste,NORDESTE,2098355.6999999997,5954823,NE,0.3523791891043612
2018-04-01,MG,Sudeste,SUDESTE / CENTRO - OESTE,4771307.976,8990164,SE,0.5307253545096619
2018-04-01,PR,Sul,SUL,2800067.5640000002,4730372,S,0.5919339037183545
2018-04-01,RJ,Sudeste,SUDESTE / CENTRO - OESTE,3625511.75,7235868,SE,0.501047248236148
2018-04-01,RS,Sul,SUL,2604431.199,4689170,S,0.5554141135851334
2018-04-01,SP,Sudeste,SUDESTE / CENTRO - OESTE,11492422.732,18756726,SE,0.6127094212497427
2018-05-01,BA,Nordeste,NORDESTE,2100432.789,5963551,NE,0.3522117592353951
2018-05-01,MG,Sudeste,SUDESTE / CENTRO - OESTE,4637059.2469999995,9000590,SE,0.5151950313257242
2018-05-01,PR,Sul,SUL,2589020.216,4739542,S,0.5462595786681498
2018-05-01,RJ,Sudeste,SUDESTE / CENTRO - OESTE,3321233.448,7238920,SE,0.4588023417857912
2018-05-01,RS,Sul,SUL,2576792.156,4698417,S,0.5484383689229798
2018-05-01,SP,Sudeste,SUDESTE / CENTRO - OESTE,10961976.903,18780522,SE,0.5836886164825451
2018-06-01,BA,Nordeste,NORDESTE,2053311.118,5968241,NE,0.3440395784955735
2018-06-01,MG,Sudeste,SUDESTE / CENTRO - OESTE,4611537.013,9006892,SE,0.5120009225157802
2018-06-01,PR,Sul,SUL,2529678.138,4741369,S,0.5335332765705432
2018-06-01,RJ,Sudeste,SUDESTE / CENTRO - OESTE,3067867.455,7227111,SE,0.42449430415556094
2018-06-01,RS,Sul,SUL,2414995.528,4704735,S,0.5133117015092242
2018-06-01,SP,Sudeste,SUDESTE / CENTRO - OESTE,10708599.617,18827229,SE,0.568782565772159
2018-07-01,BA,Nordeste,NORDESTE,2048945.0769999998,5968394,NE,0.34329923208823004
2018-07-01,MG,Sudeste,SUDESTE / CENTRO - OESTE,4661887.910999999,9009236,SE,0.5174565202865148
2018-07-01,PR,Sul,SUL,2599063.8200000003,4751062,S,0.5470490218818446
2018-07-01,RJ,Sudeste,SUDESTE / CENTRO - OESTE,3056282.076,7251080,SE,0.42149336043734176
2018-07-01,RS,Sul,SUL,2477524.045,4709318,S,0.5260897745703306
2018-07-01,SP,Sudeste,SUDESTE / CENTRO - OESTE,10747050.149,18864587,SE,0.56969443057513
2018-08-01,BA,Nordeste,NORDESTE,2090198.9610000001,5977847,NE,0.34965748721906065
2018-08-01,MG,Sudeste,SUDESTE / CENTRO - OESTE,4800722.206,9022992,SE,0.5320543569139815
2018-08-01,PR,Sul,SUL,2648764.438,4746905,S,0.557998198405066
2018-08-01,RJ,Sudeste,SUDESTE / CENTRO - OESTE,3069855.081,7222758,SE,0.4250253270288164
2018-08-01,RS,Sul,SUL,2510668.079,4717671,S,0.5321837998029112
2018-08-01,SP,Sudeste,SUDESTE / CENTRO - OESTE,10648075.474,18896384,SE,0.5634980467162395
2018-09-01,BA,Nordeste,NORDESTE,2018557.844,5984205,NE,0.3373142871943725
2018-09-01,MG,Sudeste,SUDESTE / CENTRO - OESTE,4727227.024,9029700,SE,0.5235198316666113
2018-09-01,PR,Sul,SUL,2580183.824,4753958,S,0.5427443456589225
2018-09-01,RJ,Sudeste,SUDESTE / CENTRO - OESTE,2972127.73,7206803,SE,0.41240585180419115
2018-09-01,RS,Sul,SUL,2406664.6750000003,4723573,S,0.5095008958261046
2018-09-01,SP,Sudeste,SUDESTE / CENTRO - OESTE,11073770.285,18941728,SE,0.5846230230420372
2018-10-01,BA,Nordeste,NORDESTE,2165217.875,5993942,NE,0.36123437213773507
2018-10-01,MG,Sudeste,SUDESTE / CENTRO - OESTE,4907742.647,9037574,SE,0.5430376168427501
2018-10-01,PR,Sul,SUL,2659613.452,4768356,S,0.5577631896611747
2018-10-01,RJ,Sudeste,SUDESTE / CENTRO - OESTE,3285040.751,7218409,SE,0.4550920779080266
2018-10-01,RS,Sul,SUL,2412212.227,4728873,S,0.5101029837341794
2018-10-01,SP,Sudeste,SUDESTE / CENTRO - OESTE,11056291.675,18950633,SE,0.5834259823933059
2018-11-01,BA,Nordeste,NORDESTE,2209672.0889999997,6001829,NE,0.3681664520931869
2018-11-01,MG,Sudeste,SUDESTE / CENTRO - OESTE,4787556.582,9041021,SE,0.5295371597964433
2018-11-01,PR,Sul,SUL,2667004.7830000003,4775414,S,0.5584866114225908
2018-11-01,RJ,Sudeste,SUDESTE / CENTRO - OESTE,3192127.645,7222559,SE,0.44196629546397614
2018-11-01,RS,Sul,SUL,2459971.835,4733779,S,0.519663430633327
2018-11-01,SP,Sudeste,SUDESTE / CENTRO - OESTE,11296170.849,19001254,SE,0.5944960711014126
2018-12-01,BA,Nordeste,NORDESTE,2136708.596,6013095,NE,0.3553425641869952
2018-12-01,MG,Sudeste,SUDESTE / CENTRO - OESTE,4610334.799,9028254,SE,0.5106563017611156
2018-12-01,PR,Sul,SUL,2733163.36,4780151,S,0.5717734356090425
2018-12-01,RJ,Sudeste,SUDESTE / CENTRO - OESTE,3384893.07,7232935,SE,0.4679833387138139
2018-12-01,RS,Sul,SUL,2506845.8249999997,4734476,S,0.529487492385641
2018-12-01,SP,Sudeste,SUDESTE / CENTRO - OESTE,11138135.773,19006137,SE,0.5860283850947723
2019-01-01,BA,Nordeste,NORDESTE,2180317.819,6024538,NE,0.3619062273322867
2019-01-01,MG,Sudeste,SUDESTE / CENTRO - OESTE,4834920.2069999995,9043273,SE,0.5346427346603381
2019-01-01,PR,Sul,SUL,2823330.084,4794364,S,0.5888852168921676
2019-01-01,RJ,Sudeste,SUDESTE / CENTRO - OESTE,3825228.685,7211597,SE,0.5304274053306085
2019-01-01,RS,Sul,SUL,2838637.753,4784707,S,0.5932730578904831
2019-01-01,SP,Sudeste,SUDESTE / CENTRO - OESTE,11534716.704,19080160,SE,0.6045398311125274
2019-02-01,BA,Nordeste,NORDESTE,2122425.506,6033691,NE,0.35176237994289067
2019-02-01,MG,Sudeste,SUDESTE / CENTRO - OESTE,4627720.342,9049748,SE,0.5113645531345182
2019-02-01,PR,Sul,SUL,2846534.857,4799779,S,0.5930554004673965
2019-02-01,RJ,Sudeste,SUDESTE / CENTRO - OESTE,3558671.624,7208474,SE,0.4936789151212864
2019-02-01,RS,Sul,SUL,2883086.576,4792061,S,0.6016381210506293
2019-02-01,SP,Sudeste,SUDESTE / CENTRO - OESTE,11594893.705,19082539,SE,0.6076179749979811
2019-03-01,BA,Nordeste,NORDESTE,2299390.8529999997,6041627,NE,0.3805913296203158
2019-03-01,MG,Sudeste,SUDESTE / CENTRO - OESTE,4691696.058,9061478,SE,0.5177627819655911
2019-03-01,PR,Sul,SUL,2776859.607,4802911,S,0.5781617870912036
2019-03-01,RJ,Sudeste,SUDESTE / CENTRO - OESTE,3695566.133,7215779,SE,0.5121506815826815
2019-03-01,RS,Sul,SUL,2743887.323,4804879,S,0.5710627308200685
2019-03-01,SP,Sudeste,SUDESTE / CENTRO - OESTE,11407727.51,19132250,SE,0.5962564523252623
2019-04-01,BA,Nordeste,NORDESTE,2145126.478,6051033,NE,0.3545058303268219
2019-04-01,MG,Sudeste,SUDESTE / CENTRO - OESTE,4613124.677,9070997,SE,0.5085576234894577
2019-04-01,PR,Sul,SUL,2763992.612,4816168,S,0.573898712005063
2019-04-01,RJ,Sudeste,SUDESTE / CENTRO - OESTE,3352134.929,7218199,SE,0.4644004590341718
2019-04-01,RS,Sul,SUL,2532741.478,4809815,S,0.5265777328234038
2019-04-01,SP,Sudeste,SUDESTE / CENTRO - OESTE,11108067.804,19153194,SE,0.5799590294965946
2019-05-01,BA,Nordeste,NORDESTE,2249368.637,6059314,NE,0.37122496655562
2019-05-01,MG,Sudeste,SUDESTE / CENTRO - OESTE,4676584.45,9083417,SE,0.5148485916698529
2019-05-01,PR,Sul,SUL,2711983.634,4824789,S,0.5620937276220784
2019-05-01,RJ,Sudeste,SUDESTE / CENTRO - OESTE,3421093.351,7239421,SE,0.47256449804480216
2019-05-01,RS,Sul,SUL,2545540.75,4816946,S,0.5284553221065795
2019-05-01,SP,Sudeste,SUDESTE / CENTRO - OESTE,11328758.343,19196981,SE,0.5901322891865133
2019-06-01,BA,Nordeste,NORDESTE,2083293.733,6066577,NE,0.34340514148258566
2019-06-01,MG,Sudeste,SUDESTE / CENTRO - OESTE,4562744.329,9095632,SE,0.5016412635207756
2019-06-01,PR,Sul,SUL,2649566.278,4825770,S,0.5490452876950207
2019-06-01,RJ,Sudeste,SUDESTE / CENTRO - OESTE,3059837.8230000003,7225079,SE,0.4235023344381425
2019-06-01,RS,Sul,SUL,2419625.186,4820780,S,0.5019157036828066
2019-06-01,SP,Sudeste,SUDESTE / CENTRO - OESTE,10650662.974,19209313,SE,0.5544530912688027
2019-07-01,BA,Nordeste,NORDESTE,2097965.124,6071604,NE,0.3455372129012366
2019-07-01,MG,Sudeste,SUDESTE / CENTRO - OESTE,4599724.464,9105731,SE,0.5051460957939565
2019-07-01,PR,Sul,SUL,2685273.92,4830365,S,0.55591532316916
2019-07-01,RJ,Sudeste,SUDESTE / CENTRO - OESTE,2964505.735,7198927,SE,0.411798277021006
2019-07-01,RS,Sul,SUL,2405340.512,4826278,S,0.4983841610450124
2019-07-01,SP,Sudeste,SUDESTE / CENTRO - OESTE,10452521.539,19263472,SE,0.542608390585041
2019-08-01,BA,Nordeste,NORDESTE,2007274.3620000002,6082415,NE,0.3300127271815554
2019-08-01,MG,Sudeste,SUDESTE / CENTRO - OESTE,4649165.13,9121054,SE,0.5097179700942457
2019-08-01,PR,Sul,SUL,2661877.4850000003,4836385,S,0.5503857705703744
2019-08-01,RJ,Sudeste,SUDESTE / CENTRO - OESTE,2980730.479,7185686,SE,0.4148150196098187
2019-08-01,RS,Sul,SUL,2447568.5330000003,4827831,S,0.506970631946313
2019-08-01,SP,Sudeste,SUDESTE / CENTRO - OESTE,10569880.854,19278746,SE,0.5482659947903251
2019-09-01,BA,Nordeste,NORDESTE,1996430.6039999998,6092187,NE,0.3277034345794047
2019-09-01,MG,Sudeste,SUDESTE / CENTRO - OESTE,4648202.209,9136349,SE,0.5087592657635999
2019-09-01,PR,Sul,SUL,2642202.316,4844239,S,0.5454318657688029
2019-09-01,RJ,Sudeste,SUDESTE / CENTRO - OESTE,3010626.192,7185352,SE,0.41899494861212083
2019-09-01,RS,Sul,SUL,2363605.736,4832290,S,0.48912746047940003
2019-09-01,SP,Sudeste,SUDESTE / CENTRO - OESTE,10947749.854,19294957,SE,0.567389181224918
2019-10-01,BA,Nordeste,NORDESTE,2209881.603,6102439,NE,0.36213087963681406
2019-10-01,MG,Sudeste,SUDESTE / CENTRO - OESTE,4687748.556,9145622,SE,0.5125674946985563
2019-10-01,PR,Sul,SUL,2814967.0300000003,4853395,S,0.5799995734944302
2019-10-01,RJ,Sudeste,SUDESTE / CENTRO - OESTE,3208160.085,7181821,SE,0.4467056593306906
2019-10-01,RS,Sul,SUL,2419365.688,4840068,S,0.4998619209482181
2019-10-01,SP,Sudeste,SUDESTE / CENTRO - OESTE,11611731.075000001,19347253,SE,0.6001746643309002
2019-11-01,BA,Nordeste,NORDESTE,2220143.543,6111844,NE,0.3632526522273802
2019-11-01,MG,Sudeste,SUDESTE / CENTRO - OESTE,4793789.282,9162810,SE,0.5231789464149098
2019-11-01,PR,Sul,SUL,2829198.404,4859564,S,0.582191818854531
2019-11-01,RJ,Sudeste,SUDESTE / CENTRO - OESTE,3388997.139,7205462,SE,0.4703372440240473
2019-11-01,RS,Sul,SUL,2511555.577,4850048,S,0.5178413856935025
2019-11-01,SP,Sudeste,SUDESTE / CENTRO - OESTE,11734631.281,19385013,SE,0.6053455461185401
2019-12-01,BA,Nordeste,NORDESTE,2315582.9790000003,6125462,NE,0.3780258499685412
2019-12-01,MG,Sudeste,SUDESTE / CENTRO - OESTE,4501611.5940000005,9185702,SE,0.4900672364507362
2019-12-01,PR,Sul,SUL,2718845.1709999996,4863785,S,0.5589978115808983
2019-12-01,RJ,Sudeste,SUDESTE / CENTRO - OESTE,3227018.255,6944372,SE,0.46469547642321
2019-12-01,RS,Sul,SUL,2624849.364,4875594,S,0.5383650410596125
2019-12-01,SP,Sudeste,SUDESTE / CENTRO - OESTE,11148467.855999999,19462416,SE,0.5728203454288511
2020-01-01,BA,Nordeste,NORDESTE,2219580.053,6136711,NE,0.36168886770128167
2020-01-01,MG,Sudeste,SUDESTE / CENTRO - OESTE,4708762.178,9204838,SE,0.5115529657338891
2020-01-01,PR,Sul,SUL,2784090.733,4874447,S,0.5711603250584117
2020-01-01,RJ,Sudeste,SUDESTE / CENTRO - OESTE,3525832.597,6989570,SE,0.5044419895644511
2020-01-01,RS,Sul,SUL,2838248.011,4760463,S,0.5962125975981748
2020-01-01,SP,Sudeste,SUDESTE / CENTRO - OESTE,11068761.275,19265439,SE,0.5745397898796908
2020-02-01,BA,Nordeste,NORDESTE,2125501.759,6145081,NE,0.3458866952282647
2020-02-01,MG,Sudeste,SUDESTE / CENTRO - OESTE,4585062.917,9213088,SE,0.4976684166047258
2020-02-01,PR,Sul,SUL,2876364.352,4879889,S,0.5894323317600052
2020-02-01,RJ,Sudeste,SUDESTE / CENTRO - OESTE,3436716.071,6978809,SE,0.4924502262492067
2020-02-01,RS,Sul,SUL,2796166.807,4762861,S,0.5870771385098158
2020-02-01,SP,Sudeste,SUDESTE / CENTRO - OESTE,11133137.831,19242162,SE,0.5785804022957504
2020-03-01,BA,Nordeste,NORDESTE,2174986.149,6152264,NE,0.3535261407832954
2020-03-01,MG,Sudeste,SUDESTE / CENTRO - OESTE,4667379.945,9205953,SE,0.5069958476868175
2020-03-01,PR,Sul,SUL,2870449.587,4886648,S,0.5874066613760598
2020-03-01,RJ,Sudeste,SUDESTE / CENTRO - OESTE,3351412.006,6983549,SE,0.4799009795735664
2020-03-01,RS,Sul,SUL,2811155.498,4769479,S,0.5894051526382651
2020-03-01,SP,Sudeste,SUDESTE / CENTRO - OESTE,11209895.368999999,19348507,SE,0.5793674607038155
2020-04-01,BA,Nordeste,NORDESTE,1996214.609,6155998,NE,0.3242714843312165
2020-04-01,MG,Sudeste,SUDESTE / CENTRO - OESTE,4332063.295000001,9210939,SE,0.4703172277006721
2020-04-01,PR,Sul,SUL,2588179.731,4890784,S,0.5291952641948612
2020-04-01,RJ,Sudeste,SUDESTE / CENTRO - OESTE,2824525.329,6993848,SE,0.4038585524020539
2020-04-01,RS,Sul,SUL,2452791.5579999997,4752456,S,0.5161103139092713
2020-04-01,SP,Sudeste,SUDESTE / CENTRO - OESTE,10049426.211,18907629,SE,0.5315011316860512
2020-05-01,BA,Nordeste,NORDESTE,1964442.649,6163160,NE,0.3187395182017017
2020-05-01,MG,Sudeste,SUDESTE / CENTRO - OESTE,4348680.285,9228654,SE,0.47121500979449443
2020-05-01,PR,Sul,SUL,2538500.0500000003,4890282,S,0.5190907293280838
2020-05-01,RJ,Sudeste,SUDESTE / CENTRO - OESTE,2760123.323,6901483,SE,0.3999319165170732
2020-05-01,RS,Sul,SUL,2211860.8880000003,4771695,S,0.46353777598945456
2020-05-01,SP,Sudeste,SUDESTE / CENTRO - OESTE,9451274.6,18990435,SE,0.4976860508987814
2020-06-01,BA,Nordeste,NORDESTE,1934263.646,6174858,NE,0.3132482797175255
2020-06-01,MG,Sudeste,SUDESTE / CENTRO - OESTE,4265841.456,9227948,SE,0.4622741107773906
2020-06-01,PR,Sul,SUL,2494406.302,4895078,S,0.5095743728700544
2020-06-01,RJ,Sudeste,SUDESTE / CENTRO - OESTE,2714440.516,6946228,SE,0.39077906973396204
2020-06-01,RS,Sul,SUL,2136855.665,4773975,S,0.4476051225655769
2020-06-01,SP,Sudeste,SUDESTE / CENTRO - OESTE,9555174.016,19167506,SE,0.49850898786727915
2020-07-01,BA,Nordeste,NORDESTE,2052526.4389999998,6188954,NE,0.3316435118115274
2020-07-01,MG,Sudeste,SUDESTE / CENTRO - OESTE,4541210.706,9276294,SE,0.48955010546237543
2020-07-01,PR,Sul,SUL,2587338.903,4909124,S,0.5270469645908312
2020-07-01,RJ,Sudeste,SUDESTE / CENTRO - OESTE,2759140.629,6923996,SE,0.39848963358731
2020-07-01,RS,Sul,SUL,2319296.693,4780210,S,0.48518719742438093
2020-07-01,SP,Sudeste,SUDESTE / CENTRO - OESTE,10206007.99,19316033,SE,0.5283697739592804
2020-08-01,BA,Nordeste,NORDESTE,1953326.6199999999,6188671,NE,0.31562941704285136
2020-08-01,MG,Sudeste,SUDESTE / CENTRO - OESTE,4832243.732,9302570,SE,0.5194525525741811
2020-08-01,PR,Sul,SUL,2652280.532,4935161,S,0.537425330602183
2020-08-01,RJ,Sudeste,SUDESTE / CENTRO - OESTE,2817732.355,6907751,SE,0.4079087904297651
2020-08-01,RS,Sul,SUL,2362432.991,4787042,S,0.49350579982377424
2020-08-01,SP,Sudeste,SUDESTE / CENTRO - OESTE,10719591.592,19533324,SE,0.5487848147094678
2020-09-01,BA,Nordeste,NORDESTE,2077032.203,6199539,NE,0.33503010514168874
2020-09-01,MG,Sudeste,SUDESTE / CENTRO - OESTE,4701369.957,9316370,SE,0.5046353844898819
2020-09-01,PR,Sul,SUL,2742617.102,4949535,S,0.5541161143420543
2020-09-01,RJ,Sudeste,SUDESTE / CENTRO - OESTE,3020031.836,6911888,SE,0.43693298213165493
2020-09-01,RS,Sul,SUL,2316033.18,4799243,S,0.48258301986375773
2020-09-01,SP,Sudeste,SUDESTE / CENTRO - OESTE,11106811.389999999,19531671,SE,0.5686564856637202
2020-10-01,BA,Nordeste,NORDESTE,2250669.4930000002,6212841,NE,0.3622609194408806
2020-10-01,MG,Sudeste,SUDESTE / CENTRO - OESTE,5240759.296999999,9319111,SE,0.5623668713678804
2020-10-01,PR,Sul,SUL,2906000.347,4961997,S,0.5856513712120343
2020-10-01,RJ,Sudeste,SUDESTE / CENTRO - OESTE,3287858.799,6907111,SE,0.4760107082396678
2020-10-01,RS,Sul,SUL,2329966.057,4805296,S,0.4848746168810413
2020-10-01,SP,Sudeste,SUDESTE / CENTRO - OESTE,11737611.937,19552091,SE,0.6003251487014868
2020-11-01,BA,Nordeste,NORDESTE,1995955.4049999998,6211904,NE,0.32131137329231096
2020-11-01,MG,Sudeste,SUDESTE / CENTRO - OESTE,4857917.999,9342786,SE,0.5199646014582802
2020-11-01,PR,Sul,SUL,2880128.734,4974951,S,0.5789260505279349
2020-11-01,RJ,Sudeste,SUDESTE / CENTRO - OESTE,3144091.1930000004,6830775,SE,0.4602832318441173
2020-11-01,RS,Sul,SUL,2424696.754,4812220,S,0.5038624073712341
2020-11-01,SP,Sudeste,SUDESTE / CENTRO - OESTE,11418748.564000001,19590330,SE,0.5828767848218994
2020-12-01,BA,Nordeste,NORDESTE,2071142.248,6225561,NE,0.33268363252725336
2020-12-01,MG,Sudeste,SUDESTE / CENTRO - OESTE,4694334.777000001,9349615,SE,0.5020885648232575
2020-12-01,PR,Sul,SUL,2946794.243,4989039,S,0.5906536795964112
2020-12-01,RJ,Sudeste,SUDESTE / CENTRO - OESTE,3493367.091,6908489,SE,0.5056629736256365
2020-12-01,RS,Sul,SUL,2562841.898,4819365,S,0.5317799954973321
2020-12-01,SP,Sudeste,SUDESTE / CENTRO - OESTE,11602166.063,19647258,SE,0.590523423828404
2021-01-01,BA,Nordeste,NORDESTE,2307961.995,6233904,NE,0.3702273880059751
2021-01-01,MG,Sudeste,SUDESTE / CENTRO - OESTE,5109304.181,9406884,SE,0.5431452307692962
2021-01-01,PR,Sul,SUL,2954564.64,4997211,S,0.5912427231909959
2021-01-01,RJ,Sudeste,SUDESTE / CENTRO - OESTE,3458722.732,6909993,SE,0.5005392526446842
2021-01-01,RS,Sul,SUL,2814697.237,4828130,S,0.5829787592711878
2021-01-01,SP,Sudeste,SUDESTE / CENTRO - OESTE,11939882.478,19669853,SE,0.6070143217643772
2021-02-01,BA,Nordeste,NORDESTE,2174669.858,6243997,NE,0.34828169488230054
2021-02-01,MG,Sudeste,SUDESTE / CENTRO - OESTE,4734986.802,9407156,SE,0.5033388201492566
2021-02-01,PR,Sul,SUL,2844204.3869999996,5003795,S,0.5684094546239403
2021-02-01,RJ,Sudeste,SUDESTE / CENTRO - OESTE,3420385.357,6909955,SE,0.4949938685563075
2021-02-01,RS,Sul,SUL,2738597.874,4828349,S,0.5671913678982194
2021-02-01,SP,Sudeste,SUDESTE / CENTRO - OESTE,11486390.848,19548411,SE,0.5875869321552529
2021-03-01,BA,Nordeste,NORDESTE,2222090.397,6256079,NE,0.3551889924983364
2021-03-01,MG,Sudeste,SUDESTE / CENTRO - OESTE,5061234.305,9421872,SE,0.5371792680902479
2021-03-01,PR,Sul,SUL,3026015.211,5017618,S,0.6030780364308324
2021-03-01,RJ,Sudeste,SUDESTE / CENTRO - OESTE,3555048.12,6944910,SE,0.5118926119992916
2021-03-01,RS,Sul,SUL,2699319.559,4836883,S,0.5580700544131416
2021-03-01,SP,Sudeste,SUDESTE / CENTRO - OESTE,12444223.105,19637990,SE,0.6336811000005602
2021-04-01,BA,Nordeste,NORDESTE,2229399.7060000002,6267649,NE,0.3556995144431349
2021-04-01,MG,Sudeste,SUDESTE / CENTRO - OESTE,5087759.785,9438773,SE,0.5390276665197903
2021-04-01,PR,Sul,SUL,2963862.65,5025382,S,0.5897785780265062
2021-04-01,RJ,Sudeste,SUDESTE / CENTRO - OESTE,3376226.319,6955647,SE,0.4853935685637871
2021-04-01,RS,Sul,SUL,2691905.353,4841927,S,0.5559574427702029
2021-04-01,SP,Sudeste,SUDESTE / CENTRO - OESTE,11704461.986,19622686,SE,0.5964760372764463
2021-05-01,BA,Nordeste,NORDESTE,2116260.585,6279022,NE,0.3370366571418288
2021-05-01,MG,Sudeste,SUDESTE / CENTRO - OESTE,5026528.031,9441750,SE,0.5323724977890751
2021-05-01,PR,Sul,SUL,2814562.698,5032642,S,0.5592614571034459
2021-05-01,RJ,Sudeste,SUDESTE / CENTRO - OESTE,3078474.2679999997,6957712,SE,0.4424549719792943
2021-05-01,RS,Sul,SUL,2516269.2229999998,4847752,S,0.5190589830090317
2021-05-01,SP,Sudeste,SUDESTE / CENTRO - OESTE,10958862.972,19626296,SE,0.5583765256572101
2021-06-01,BA,Nordeste,NORDESTE,2133412.828,6292322,NE,0.33905016748983924
2021-06-01,MG,Sudeste,SUDESTE / CENTRO - OESTE,4994938.805,9458391,SE,0.5280960371589628
2021-06-01,PR,Sul,SUL,2734025.821,5042457,S,0.5422011176297586
2021-06-01,RJ,Sudeste,SUDESTE / CENTRO - OESTE,2934955.171,6974084,SE,0.4208373703270566
2021-06-01,RS,Sul,SUL,2382671.627,4847630,S,0.4915126828986535
2021-06-01,SP,Sudeste,SUDESTE / CENTRO - OESTE,10898786.822999999,19776436,SE,0.5510996431814104
2021-07-01,BA,Nordeste,NORDESTE,2131956.08,6306585,NE,0.3380523817565291
2021-07-01,MG,Sudeste,SUDESTE / CENTRO - OESTE,4985129.620999999,9468768,SE,0.5264813353754152
2021-07-01,PR,Sul,SUL,2761628.365,5042156,S,0.5477078386706005
2021-07-01,RJ,Sudeste,SUDESTE / CENTRO - OESTE,2802746.477,6986903,SE,0.4011428922084649
2021-07-01,RS,Sul,SUL,2428788.116,4856625,S,0.50009793138239
2021-07-01,SP,Sudeste,SUDESTE / CENTRO - OESTE,10828770.206,19801999,SE,0.5468523761666688
2021-08-01,BA,Nordeste,NORDESTE,2107448.231,6321210,NE,0.3333931685547546
2021-08-01,MG,Sudeste,SUDESTE / CENTRO - OESTE,5107975.717,9492619,SE,0.5380997295899056
2021-08-01,PR,Sul,SUL,2844409.017,5050917,S,0.5631470517135799
2021-08-01,RJ,Sudeste,SUDESTE / CENTRO - OESTE,2866283.236,6990256,SE,0.4100398091285927
2021-08-01,RS,Sul,SUL,2454518.876,4865747,S,0.5044485206485253
2021-08-01,SP,Sudeste,SUDESTE / CENTRO - OESTE,10922857.992,19856824,SE,0.5500808181610514
2021-09-01,BA,Nordeste,NORDESTE,2078646.295,6335337,NE,0.32810350814802747
2021-09-01,MG,Sudeste,SUDESTE / CENTRO - OESTE,5120934.38,9513119,SE,0.53830235698723
2021-09-01,PR,Sul,SUL,2817033.957,5056354,S,0.5571275185637714
2021-09-01,RJ,Sudeste,SUDESTE / CENTRO - OESTE,3083492.168,6987760,SE,0.4412704740861163
2021-09-01,RS,Sul,SUL,2272740.5,4869879,S,0.4666934229782711
2021-09-01,SP,Sudeste,SUDESTE / CENTRO - OESTE,11552698.889,19887720,SE,0.5808960951280489
2021-10-01,BA,Nordeste,NORDESTE,2263469.9620000003,6348654,NE,0.3565275351279185
2021-10-01,MG,Sudeste,SUDESTE / CENTRO - OESTE,5202373.755,9525995,SE,0.5461239224878871
2021-10-01,PR,Sul,SUL,2894959.4630000005,5063782,S,0.5716990705761031
2021-10-01,RJ,Sudeste,SUDESTE / CENTRO - OESTE,3041143.542,6980074,SE,0.4356892981363808
2021-10-01,RS,Sul,SUL,2302179.091,4878394,S,0.47191331634960193
2021-10-01,SP,Sudeste,SUDESTE / CENTRO - OESTE,11581095.534,19927592,SE,0.5811588040341251
2021-11-01,BA,Nordeste,NORDESTE,2215322.773,6360206,NE,0.34830990898722464
2021-11-01,MG,Sudeste,SUDESTE / CENTRO - OESTE,4998163.96,9539144,SE,0.5239635715741371
2021-11-01,PR,Sul,SUL,2882110.141,5071640,S,0.5682797164230899
2021-11-01,RJ,Sudeste,SUDESTE / CENTRO - OESTE,3076196.247,6982498,SE,0.4405581279078061
2021-11-01,RS,Sul,SUL,2424207.519,4885863,S,0.4961677228772071
2021-11-01,SP,Sudeste,SUDESTE / CENTRO - OESTE,11322959.947,19946274,SE,0.5676729371610959
2021-12-01,BA,Nordeste,NORDESTE,2217221.029,6373297,NE,0.34789231209529387
2021-12-01,MG,Sudeste,SUDESTE / CENTRO - OESTE,4950735.49,9542649,SE,0.5188009629192062
2021-12-01,PR,Sul,SUL,2981306.177,5081213,S,0.5867311952874245
2021-12-01,RJ,Sudeste,SUDESTE / CENTRO - OESTE,3155970.437,6936385,SE,0.45498778355007685
2021-12-01,RS,Sul,SUL,2588499.866,4887879,S,0.5295752750835281
2021-12-01,SP,Sudeste,SUDESTE / CENTRO - OESTE,11694461.437,19996524,SE,0.5848247143853602
2022-01-01,BA,Nordeste,NORDESTE,2132622.6969999997,6382024,NE,0.33416087075197454
2022-01-01,MG,Sudeste,SUDESTE / CENTRO - OESTE,4942128.025,9551972,SE,0.5173934790637996
2022-01-01,PR,Sul,SUL,3068447.322,5088214,S,0.6030499743131873
2022-01-01,RJ,Sudeste,SUDESTE / CENTRO - OESTE,3268931.162,7315217,SE,0.4468672852767047
2022-01-01,RS,Sul,SUL,2892227.798,4896296,S,0.5906970898001265
2022-01-01,SP,Sudeste,SUDESTE / CENTRO - OESTE,11408095.684999999,19985788,SE,0.5708104021217476
2022-02-01,BA,Nordeste,NORDESTE,2085483.0750000002,6391483,NE,0.3262909523501823
2022-02-01,MG,Sudeste,SUDESTE / CENTRO - OESTE,4680352.99,9549617,SE,0.4901089740038789
2022-02-01,PR,Sul,SUL,3121502.992,5093693,S,0.6128172608753609
2022-02-01,RJ,Sudeste,SUDESTE / CENTRO - OESTE,3404965.8340000003,7328727,SE,0.4646053583384946
2022-02-01,RS,Sul,SUL,2843122.636,4899200,S,0.5803238561397779
2022-02-01,SP,Sudeste,SUDESTE / CENTRO - OESTE,11347220.091,20036707,SE,0.566321606190079
2022-03-01,BA,Nordeste,NORDESTE,2249515.982,6402151,NE,0.35136877933681976
2022-03-01,MG,Sudeste,SUDESTE / CENTRO - OESTE,5339645.969,9577176,SE,0.55753866995866
2022-03-01,PR,Sul,SUL,3238680.892,5105212,S,0.6343871502300003
2022-03-01,RJ,Sudeste,SUDESTE / CENTRO - OESTE,3578851.5220000003,7294965,SE,0.49059200722690244
2022-03-01,RS,Sul,SUL,2853347.319,4912420,S,0.5808435188766433
2022-03-01,SP,Sudeste,SUDESTE / CENTRO - OESTE,12023828.697999999,20052847,SE,0.5996070631766152
2022-04-01,BA,Nordeste,NORDESTE,2223013.263,6412195,NE,0.346685224482412
2022-04-01,MG,Sudeste,SUDESTE / CENTRO - OESTE,5258200.337,9583576,SE,0.5486678810706985
2022-04-01,PR,Sul,SUL,2966878.464,5108485,S,0.5807746257452063
2022-04-01,RJ,Sudeste,SUDESTE / CENTRO - OESTE,3420827.707,7375391,SE,0.46381645488354445
2022-04-01,RS,Sul,SUL,2552798.0749999997,4914837,S,0.519406457426767
2022-04-01,SP,Sudeste,SUDESTE / CENTRO - OESTE,12094586.209999999,20071266,SE,0.6025821295976048
2022-05-01,BA,Nordeste,NORDESTE,2245695.952,6422745,NE,0.34964737849626604
2022-05-01,MG,Sudeste,SUDESTE / CENTRO - OESTE,5268416.135,9595111,SE,0.5490729742469889
2022-05-01,PR,Sul,SUL,2914603.44,5117261,S,0.5695631784268967
2022-05-01,RJ,Sudeste,SUDESTE / CENTRO - OESTE,3073036.757,7489239,SE,0.41032697140523894
2022-05-01,RS,Sul,SUL,2309232.922,4924986,S,0.4688811139767706
2022-05-01,SP,Sudeste,SUDESTE / CENTRO - OESTE,11438183.709999999,20139802,SE,0.5679392334641621
2022-06-01,BA,Nordeste,NORDESTE,2172444.735,6435410,NE,0.33757674103126295
2022-06-01,MG,Sudeste,SUDESTE / CENTRO - OESTE,5103374.704,9609912,SE,0.5310532192178242
2022-06-01,PR,Sul,SUL,2860857.764,5125686,S,0.5581414397994727
2022-06-01,RJ,Sudeste,SUDESTE / CENTRO - OESTE,2821333.391,7513496,SE,0.37550208198686735
2022-06-01,RS,Sul,SUL,2426570.621,4928360,S,0.49236878413914564
2022-06-01,SP,Sudeste,SUDESTE / CENTRO - OESTE,11096610.877,20132808,SE,0.5511705509236466
2022-07-01,BA,Nordeste,NORDESTE,2181349.035,6438942,NE,0.3387744500571678
2022-07-01,MG,Sudeste,SUDESTE / CENTRO - OESTE,5190169.642,9626401,SE,0.5391599250851902
2022-07-01,PR,Sul,SUL,2866342.173,5133033,S,0.5584110160600955
2022-07-01,RJ,Sudeste,SUDESTE / CENTRO - OESTE,2834759.067,7536293,SE,0.3761476719389758
2022-07-01,RS,Sul,SUL,2470536.534,4947289,S,0.49937178402151156
2022-07-01,SP,Sudeste,SUDESTE / CENTRO - OESTE,11070389.102,20192399,SE,0.5482453621285911
2022-08-01,BA,Nordeste,NORDESTE,2179929.596,6447541,NE,0.3381024790691521
2022-08-01,MG,Sudeste,SUDESTE / CENTRO - OESTE,5167727.212,9662150,SE,0.5348423706938932
2022-08-01,PR,Sul,SUL,2913427.353,5141059,S,0.566697902708372
2022-08-01,RJ,Sudeste,SUDESTE / CENTRO - OESTE,2870858.329,7519104,SE,0.3818085677495616
2022-08-01,RS,Sul,SUL,2414224.317,4958897,S,0.48684703816191377
2022-08-01,SP,Sudeste,SUDESTE / CENTRO - OESTE,11409227.991,20276047,SE,0.5626948877658451
2022-09-01,BA,Nordeste,NORDESTE,2153837.313,6463032,NE,0.3332549356091692
2022-09-01,MG,Sudeste,SUDESTE / CENTRO - OESTE,5172783.624,9674861,SE,0.5346623195930154
2022-09-01,PR,Sul,SUL,2861149.122,5150709,S,0.555486462543312
2022-09-01,RJ,Sudeste,SUDESTE / CENTRO - OESTE,2828548.278,7463526,SE,0.37898283974625396
2022-09-01,RS,Sul,SUL,2398092.642,4971637,S,0.482354733863313
2022-09-01,SP,Sudeste,SUDESTE / CENTRO - OESTE,11519777.551,20358914,SE,0.5658345799289688
2022-10-01,BA,Nordeste,NORDESTE,2222570.824,6476313,NE,0.34318459036800725
2022-10-01,MG,Sudeste,SUDESTE / CENTRO - OESTE,5336051.409999999,9695841,SE,0.5503443600199301
2022-10-01,PR,Sul,SUL,2852702.505,5154713,S,0.5534163599408929
2022-10-01,RJ,Sudeste,SUDESTE / CENTRO - OESTE,2953841.6399999997,7423286,SE,0.3979156454432713
2022-10-01,RS,Sul,SUL,2281819.804,4980889,S,0.45811496783003997
2022-10-01,SP,Sudeste,SUDESTE / CENTRO - OESTE,11330099.349,20303101,SE,0.5580477262562009
2022-11-01,BA,Nordeste,NORDESTE,2297059.821,6489035,NE,0.35399097415871544
2022-11-01,MG,Sudeste,SUDESTE / CENTRO - OESTE,5050600.433,9705005,SE,0.5204119351818984
2022-11-01,PR,Sul,SUL,2865571.5379999997,5162247,S,0.5551015939376787
2022-11-01,RJ,Sudeste,SUDESTE / CENTRO - OESTE,3031316.174,7421704,SE,0.4084393791506641
2022-11-01,RS,Sul,SUL,2401209.973,4997041,S,0.48052637010582866
2022-11-01,SP,Sudeste,SUDESTE / CENTRO - OESTE,11576813.272,20348581,SE,0.5689248440468649
2022-12-01,BA,Nordeste,NORDESTE,2137373.012,6503070,NE,0.3286713832082386
2022-12-01,MG,Sudeste,SUDESTE / CENTRO - OESTE,5078748.046999999,9723138,SE,0.5223363123098735
2022-12-01,PR,Sul,SUL,2937482.477,5169495,S,0.5682339332952252
2022-12-01,RJ,Sudeste,SUDESTE / CENTRO - OESTE,3128027.49,7437275,SE,0.42058784837188357
2022-12-01,RS,Sul,SUL,2703558.371,5017620,S,0.5388128975490372
2022-12-01,SP,Sudeste,SUDESTE / CENTRO - OESTE,11707744.918,20394719,SE,0.5740576723807765
2023-01-01,BA,Nordeste,NORDESTE,2160398.21,6514420,NE,0.3316332397972498
2023-01-01,MG,Sudeste,SUDESTE / CENTRO - OESTE,5095531.929,9725274,SE,0.523947389965568
2023-01-01,PR,Sul,SUL,3051127.678,5176589,S,0.5894089096121017
2023-01-01,RJ,Sudeste,SUDESTE / CENTRO - OESTE,3173012.979,7390480,SE,0.42933787507712623
2023-01-01,RS,Sul,SUL,2766682.453,5021591,S,0.5509573465859725
2023-01-01,SP,Sudeste,SUDESTE / CENTRO - OESTE,11286106.805,20411280,SE,0.5529347892439866
2023-02-01,BA,Nordeste,NORDESTE,2160697.403,6524561,NE,0.33116364503297613
2023-02-01,MG,Sudeste,SUDESTE / CENTRO - OESTE,4927133.356000001,9732664,SE,0.5062471442556735
2023-02-01,PR,Sul,SUL,3031414.447,5180961,S,0.5851065945101691
2023-02-01,RJ,Sudeste,SUDESTE / CENTRO - OESTE,3342186.925,7425596,SE,0.4500900567442667
2023-02-01,RS,Sul,SUL,2894929.3310000002,5029782,S,0.5755576148230679
2023-02-01,SP,Sudeste,SUDESTE / CENTRO - OESTE,11540030.003,20424837,SE,0.5649998579180828
2023-03-01,BA,Nordeste,NORDESTE,2317437.069,6537789,NE,0.3544680118920938
2023-03-01,MG,Sudeste,SUDESTE / CENTRO - OESTE,5619862.411,9758209,SE,0.5759112569734877
2023-03-01,PR,Sul,SUL,3160725.0190000003,5192628,S,0.6086946761832353
2023-03-01,RJ,Sudeste,SUDESTE / CENTRO - OESTE,3649939.1309999996,7413778,SE,0.49231837411371093
2023-03-01,RS,Sul,SUL,3013326.499,5039977,S,0.5978849703083963
2023-03-01,SP,Sudeste,SUDESTE / CENTRO - OESTE,11841790.819,20519549,SE,0.5770980063450712
2023-04-01,BA,Nordeste,NORDESTE,2289126.128,6548200,NE,0.34958097309184205
2023-04-01,MG,Sudeste,SUDESTE / CENTRO - OESTE,5326562.350000001,9778257,SE,0.5447353602998981
2023-04-01,PR,Sul,SUL,3138879.246,5194846,S,0.6042295086322097
2023-04-01,RJ,Sudeste,SUDESTE / CENTRO - OESTE,3339302.289,7494770,SE,0.44555100276592874
2023-04-01,RS,Sul,SUL,2918029.34,5047909,S,0.5780669461355187
2023-04-01,SP,Sudeste,SUDESTE / CENTRO - OESTE,12070175.547,20526708,SE,0.5880229575536419
2023-05-01,BA,Nordeste,NORDESTE,2280718.902,6560591,NE,0.3476392450009458
2023-05-01,MG,Sudeste,SUDESTE / CENTRO - OESTE,5443073.173,9805031,SE,0.5551306439520691
2023-05-01,PR,Sul,SUL,2987537.933,5198113,S,0.5747350880983157
2023-05-01,RJ,Sudeste,SUDESTE / CENTRO - OESTE,3034825.767,7477393,SE,0.40586682644606215
2023-05-01,RS,Sul,SUL,2463457.325,5053646,S,0.48746139420925017
2023-05-01,SP,Sudeste,SUDESTE / CENTRO - OESTE,11178451.806,20425208,SE,0.5472870487291978
2023-06-01,BA,Nordeste,NORDESTE,2215439.007,6572036,NE,0.337100862959363
2023-06-01,MG,Sudeste,SUDESTE / CENTRO - OESTE,5270435.264,9823319,SE,0.5365228660496519
2023-06-01,PR,Sul,SUL,2879631.224,5205027,S,0.5532404008663163
2023-06-01,RJ,Sudeste,SUDESTE / CENTRO - OESTE,2942528.039,7439987,SE,0.3955017715756761
2023-06-01,RS,Sul,SUL,2440947.971,5063212,S,0.4820947594135896
2023-06-01,SP,Sudeste,SUDESTE / CENTRO - OESTE,11368109.256000001,20699311,SE,0.5492023022408814
2023-07-01,BA,Nordeste,NORDESTE,2106542.831,6583658,NE,0.31996540995902273
2023-07-01,MG,Sudeste,SUDESTE / CENTRO - OESTE,5280897.768,9839532,SE,0.5367021285158684
2023-07-01,PR,Sul,SUL,2929545.921,5216671,S,0.5615738314722167
2023-07-01,RJ,Sudeste,SUDESTE / CENTRO - OESTE,2856981.895,7543528,SE,0.37873285483927416
2023-07-01,RS,Sul,SUL,2461912.219,5072602,S,0.48533518281150384
2023-07-01,SP,Sudeste,SUDESTE / CENTRO - OESTE,11107358.938,20625099,SE,0.5385360302028126
2023-08-01,BA,Nordeste,NORDESTE,2206374.8540000003,6596087,NE,0.3344975367971951
2023-08-01,MG,Sudeste,SUDESTE / CENTRO - OESTE,5438757.175999999,9855530,SE,0.5518482695501915
2023-08-01,PR,Sul,SUL,3016596.167,5229161,S,0.5768795734153146
2023-08-01,RJ,Sudeste,SUDESTE / CENTRO - OESTE,3007333.934,7547270,SE,0.39846645661278846
2023-08-01,RS,Sul,SUL,2459000.233,5081167,S,0.4839439902290163
2023-08-01,SP,Sudeste,SUDESTE / CENTRO - OESTE,11409601.025,20688033,SE,0.5515072904707761
2023-09-01,BA,Nordeste,NORDESTE,2287165.328,6608991,NE,0.34606876117700874
2023-09-01,MG,Sudeste,SUDESTE / CENTRO - OESTE,5297051.787,9866474,SE,0.5368738403405309
2023-09-01,PR,Sul,SUL,3023561.638,5236600,S,0.5773902222816331
2023-09-01,RJ,Sudeste,SUDESTE / CENTRO - OESTE,3054745.315,7430522,SE,0.4111077680679769
2023-09-01,RS,Sul,SUL,2463568.216,5086443,S,0.48434008127093925
2023-09-01,SP,Sudeste,SUDESTE / CENTRO - OESTE,11950008.547,20686110,SE,0.5776827323745257
2023-10-01,BA,Nordeste,NORDESTE,2306748.001,6620373,NE,0.3484317274872579
2023-10-01,MG,Sudeste,SUDESTE / CENTRO - OESTE,5751116.307999999,9885302,SE,0.5817845836171721
2023-10-01,PR,Sul,SUL,3165055.443,5246517,S,0.6032679286086369
2023-10-01,RJ,Sudeste,SUDESTE / CENTRO - OESTE,3202455.083,7481895,SE,0.42802726889377624
2023-10-01,RS,Sul,SUL,2412490.711,5093866,S,0.4736070228388419
2023-10-01,SP,Sudeste,SUDESTE / CENTRO - OESTE,12251199.472,20707356,SE,0.5916351402854135
2023-11-01,BA,Nordeste,NORDESTE,2379025.599,6632541,NE,0.3586899197456902
2023-11-01,MG,Sudeste,SUDESTE / CENTRO - OESTE,5693792.487000001,9892786,SE,0.5755499499332141
2023-11-01,PR,Sul,SUL,3160006.875,5252450,S,0.6016253129491952
2023-11-01,RJ,Sudeste,SUDESTE / CENTRO - OESTE,3322401.1640000003,7393477,SE,0.4493692431855811
2023-11-01,RS,Sul,SUL,2499648.701,5102160,S,0.4899197008717876
2023-11-01,SP,Sudeste,SUDESTE / CENTRO - OESTE,12543915.397,20721914,SE,0.6053454037595176
2023-12-01,BA,Nordeste,NORDESTE,2433080.4650000003,6647089,NE,0.36603699228338904
2023-12-01,MG,Sudeste,SUDESTE / CENTRO - OESTE,5634876.132,9905382,SE,0.5688701487736667
2023-12-01,PR,Sul,SUL,3207775.958,5259833,S,0.6098627005838398
2023-12-01,RJ,Sudeste,SUDESTE / CENTRO - OESTE,3460805.347,7489201,SE,0.4621060840802644
2023-12-01,RS,Sul,SUL,2662957.0609999998,5112987,S,0.5208221849576382
2023-12-01,SP,Sudeste,SUDESTE / CENTRO - OESTE,12789351.538,20828407,SE,0.6140340707765122
2024-01-01,BA,Nordeste,NORDESTE,2401144.401,6656741,NE,0.36070870129993043
2024-01-01,MG,Sudeste,SUDESTE / CENTRO - OESTE,5545890.518999999,9922614,SE,0.5589142658376108
2024-01-01,PR,Sul,SUL,3362747.2760000005,5570313,S,0.6036909013909991
2024-01-01,RJ,Sudeste,SUDESTE / CENTRO - OESTE,3491216.683,7363374,SE,0.47413273901339253
2024-01-01,RS,Sul,SUL,2772864.8159999996,5115926,S,0.5420064355895686
2024-01-01,SP,Sudeste,SUDESTE / CENTRO - OESTE,12389253.536,20625062,SE,0.6006892748249678
2024-02-01,BA,Nordeste,NORDESTE,2272219.526,6666898,NE,0.34082110240774643
2024-02-01,MG,Sudeste,SUDESTE / CENTRO - OESTE,5260005.386999999,9928210,SE,0.529804001627685
2024-02-01,PR,Sul,SUL,3320478.728,5563472,S,0.596835704035178
2024-02-01,RJ,Sudeste,SUDESTE / CENTRO - OESTE,3447485.232,7371044,SE,0.4677065056184714
2024-02-01,RS,Sul,SUL,2958558.404,5119474,S,0.5779028087651192
2024-02-01,SP,Sudeste,SUDESTE / CENTRO - OESTE,12426746.048999999,20852163,SE,0.5959451807949132
2024-03-01,BA,Nordeste,NORDESTE,2309713.215,6676860,NE,0.34592805824893735
2024-03-01,MG,Sudeste,SUDESTE / CENTRO - OESTE,5665542.965,9937987,SE,0.5700895930936516
2024-03-01,PR,Sul,SUL,3460938.7830000003,5580580,S,0.6201754625863262
2024-03-01,RJ,Sudeste,SUDESTE / CENTRO - OESTE,3559219.945,7362250,SE,0.48344187510611564
2024-03-01,RS,Sul,SUL,3057378.075,5127250,S,0.5962997854600419
2024-03-01,SP,Sudeste,SUDESTE / CENTRO - OESTE,12768301.03,20865924,SE,0.6119211893036703
2024-04-01,BA,Nordeste,NORDESTE,2405460.622,6688346,NE,0.3596495489318286
2024-04-01,MG,Sudeste,SUDESTE / CENTRO - OESTE,5638844.07,9969793,SE,0.5655928934532543
2024-04-01,PR,Sul,SUL,3402606.327,5572564,S,0.6105997754355087
2024-04-01,RJ,Sudeste,SUDESTE / CENTRO - OESTE,3443170.8660000004,7330818,SE,0.46968440165885994
2024-04-01,RS,Sul,SUL,2815124.9099999997,5134083,S,0.5483208802818341
2024-04-01,SP,Sudeste,SUDESTE / CENTRO - OESTE,12558991.055,20857978,SE,0.6021192972300575
2024-05-01,BA,Nordeste,NORDESTE,2315927.159,6702267,NE,0.3455438524009861
2024-05-01,MG,Sudeste,SUDESTE / CENTRO - OESTE,5652577.192,9985459,SE,0.5660808573747086
2024-05-01,PR,Sul,SUL,3332554.583,5559451,S,0.5994395099444172
2024-05-01,RJ,Sudeste,SUDESTE / CENTRO - OESTE,3472385.164,7403033,SE,0.46904899167678976
2024-05-01,RS,Sul,SUL,2465770.796,4762179,S,0.5177820480918504
2024-05-01,SP,Sudeste,SUDESTE / CENTRO - OESTE,12776183.381,20936464,SE,0.610235968260925
2024-06-01,BA,Nordeste,NORDESTE,2352718.599,6712857,NE,0.3504794752815381
2024-06-01,MG,Sudeste,SUDESTE / CENTRO - OESTE,5604390.684,10013963,SE,0.5596576184673341
2024-06-01,PR,Sul,SUL,3165773.575,5525784,S,0.5729093962051358
2024-06-01,RJ,Sudeste,SUDESTE / CENTRO - OESTE,3170627.6319999998,7406253,SE,0.4281014477901308
2024-06-01,RS,Sul,SUL,2432816.716,4835124,S,0.5031549792725067
2024-06-01,SP,Sudeste,SUDESTE / CENTRO - OESTE,12184666.008,20975368,SE,0.5809035630745548
2024-07-01,BA,Nordeste,NORDESTE,2277251.521,6726118,NE,0.33856847605111895
2024-07-01,MG,Sudeste,SUDESTE / CENTRO - OESTE,5694551.066,10026823,SE,0.5679317432849866
2024-07-01,PR,Sul,SUL,3170534.611,5533930,S,0.5729264032974758
2024-07-01,RJ,Sudeste,SUDESTE / CENTRO - OESTE,3054819.401,7417577,SE,0.4118352126307553
2024-07-01,RS,Sul,SUL,2489717.798,4872846,S,0.5109370987714367
2024-07-01,SP,Sudeste,SUDESTE / CENTRO - OESTE,11616456.866,20977482,SE,0.5537583998880323
2024-08-01,BA,Nordeste,NORDESTE,2274255.755,6735985,NE,0.33762779385642927
2024-08-01,MG,Sudeste,SUDESTE / CENTRO - OESTE,5727643.657,10043264,SE,0.5702970326180811
2024-08-01,PR,Sul,SUL,3213933.764,5543763,S,0.5797386655959138
2024-08-01,RJ,Sudeste,SUDESTE / CENTRO - OESTE,3053966.983,7412566,SE,0.41199862274413473
2024-08-01,RS,Sul,SUL,2780699.273,5324257,S,0.5222699191643079
2024-08-01,SP,Sudeste,SUDESTE / CENTRO - OESTE,12015115.818,21033465,SE,0.5712380636286033
2024-09-01,BA,Nordeste,NORDESTE,2314194.401,6746781,NE,0.34300719128129403
2024-09-01,MG,Sudeste,SUDESTE / CENTRO - OESTE,5691257.131999999,10056529,SE,0.5659265867974924
2024-09-01,PR,Sul,SUL,3203619.5090000005,5576962,S,0.5744381096733312
2024-09-01,RJ,Sudeste,SUDESTE / CENTRO - OESTE,3151251.611,7399169,SE,0.4258926388895834
2024-09-01,RS,Sul,SUL,2588019.181,5151417,S,0.502389765961482
2024-09-01,SP,Sudeste,SUDESTE / CENTRO - OESTE,12287611.894000001,21069104,SE,0.5832052418555626
2024-10-01,BA,Nordeste,NORDESTE,2286143.5470000003,6759786,NE,0.33819762149275145
2024-10-01,MG,Sudeste,SUDESTE / CENTRO - OESTE,5958147.019,10058468,SE,0.5923513420731666
2024-10-01,PR,Sul,SUL,3346729.282,5612978,S,0.5962484232077874
2024-10-01,RJ,Sudeste,SUDESTE / CENTRO - OESTE,3312912.687,7417508,SE,0.4466341912944347
2024-10-01,RS,Sul,SUL,2537101.3400000003,5190305,S,0.4888154626751222
2024-10-01,SP,Sudeste,SUDESTE / CENTRO - OESTE,12776922.199,21114788,SE,0.6051172381650244
2024-11-01,BA,Nordeste,NORDESTE,2401338.625,6769734,NE,0.35471683599385145
2024-11-01,MG,Sudeste,SUDESTE / CENTRO - OESTE,5463519.057,10084828,SE,0.5417562953974029
2024-11-01,PR,Sul,SUL,3379205.0540000005,5624399,S,0.6008117585541141
2024-11-01,RJ,Sudeste,SUDESTE / CENTRO - OESTE,3209721.256,7460524,SE,0.43022732129807506
2024-11-01,RS,Sul,SUL,2689926.671,5173420,S,0.5199513418589637
2024-11-01,SP,Sudeste,SUDESTE / CENTRO - OESTE,12587245.575000001,21111002,SE,0.5962410299141652
2024-12-01,BA,Nordeste,NORDESTE,2361236.102,6782967,NE,0.3481125740402393
2024-12-01,MG,Sudeste,SUDESTE / CENTRO - OESTE,5644098.394,10105317,SE,0.5585275943347447
2024-12-01,PR,Sul,SUL,3294463.8830000004,5624637,S,0.5857202665700916
2024-12-01,RJ,Sudeste,SUDESTE / CENTRO - OESTE,3286528.768,7406120,SE,0.4437585089088484
2024-12-01,RS,Sul,SUL,2753942.375,5178159,S,0.5318381252873849
2024-12-01,SP,Sudeste,SUDESTE / CENTRO - OESTE,12542877.162,21134611,SE,0.5934756576309826
2025-01-01,BA,Nordeste,NORDESTE,2288415.003,6793949,NE,0.3368313484543378
2025-01-01,MG,Sudeste,SUDESTE / CENTRO - OESTE,5592903.159000001,10122805,SE,0.5525052748719352
2025-01-01,PR,Sul,SUL,3393292.8809999996,5359580,S,0.633126640706921
2025-01-01,RJ,Sudeste,SUDESTE / CENTRO - OESTE,3509247.209,7343417,SE,0.47787660826016004
2025-01-01,RS,Sul,SUL,2815862.957,5184775,S,0.5431022478313909
2025-01-01,SP,Sudeste,SUDESTE / CENTRO - OESTE,12565203.492999999,21175605,SE,0.5933810860657818
2025-02-01,BA,Nordeste,NORDESTE,2275815.894,6806158,NE,0.33437600096853465
2025-02-01,MG,Sudeste,SUDESTE / CENTRO - OESTE,5378744.46,10126368,SE,0.5311622548183119
2025-02-01,PR,Sul,SUL,3537098.969,5365144,S,0.6592738180000388
2025-02-01,RJ,Sudeste,SUDESTE / CENTRO - OESTE,3700213.728,7350545,SE,0.5033931127555848
2025-02-01,RS,Sul,SUL,3250185.9390000002,5185602,S,0.626771190500158
2025-02-01,SP,Sudeste,SUDESTE / CENTRO - OESTE,12841561.303,21172640,SE,0.6065167736758382
2025-03-01,BA,Nordeste,NORDESTE,2348060.3449999997,6815105,NE,0.3445376622957386
2025-03-01,MG,Sudeste,SUDESTE / CENTRO - OESTE,5968075.358,10151319,SE,0.5879113204894851
2025-03-01,PR,Sul,SUL,3696037.3610000005,5376297,S,0.6874689699992393
2025-03-01,RJ,Sudeste,SUDESTE / CENTRO - OESTE,3784775.8189999997,7452565,SE,0.5078487499270385
2025-03-01,RS,Sul,SUL,3339216.358,5194436,S,0.6428448358974872
2025-03-01,SP,Sudeste,SUDESTE / CENTRO - OESTE,13240527.839,21197024,SE,0.6246408853903265
2025-04-01,BA,Nordeste,NORDESTE,2392412.793,6829218,NE,0.35032016740423283
2025-04-01,MG,Sudeste,SUDESTE / CENTRO - OESTE,5621634.968,10155809,SE,0.5535388631274968
2025-04-01,PR,Sul,SUL,3384918.9949999996,5382240,S,0.6289052504161835
2025-04-01,RJ,Sudeste,SUDESTE / CENTRO - OESTE,3389655.453,7439500,SE,0.4556294714698569
2025-04-01,RS,Sul,SUL,2957700.756,5200566,S,0.568726703208843
2025-04-01,SP,Sudeste,SUDESTE / CENTRO - OESTE,12708768.746,21225692,SE,0.5987446131791604
2025-05-01,BA,Nordeste,NORDESTE,2357351.904,6843227,NE,0.34447957140688157
2025-05-01,MG,Sudeste,SUDESTE / CENTRO - OESTE,5687927.371,10172648,SE,0.5591393087620844
2025-05-01,PR,Sul,SUL,3246386.436,5391289,S,0.6021540370030247
2025-05-01,RJ,Sudeste,SUDESTE / CENTRO - OESTE,3188414.653,7426828,SE,0.42931042068026887
2025-05-01,RS,Sul,SUL,2663501.108,5206052,S,0.5116163088651439
2025-05-01,SP,Sudeste,SUDESTE / CENTRO - OESTE,12299449.931,21298235,SE,0.5774868166775322
2025-06-01,BA,Nordeste,NORDESTE,2280004.195,6855592,NE,0.33257582933756846
2025-06-01,MG,Sudeste,SUDESTE / CENTRO - OESTE,5602441.733,10193283,SE,0.5496209349823801
2025-06-01,PR,Sul,SUL,3158794.099,5398293,S,0.5851468416034475
2025-06-01,RJ,Sudeste,SUDESTE / CENTRO - OESTE,2987571.089,7385703,SE,0.404507341955126
2025-06-01,RS,Sul,SUL,2651378.168,5208274,S,0.5090704075860832
2025-06-01,SP,Sudeste,SUDESTE / CENTRO - OESTE,11843531.77,21268493,SE,0.5568580608884701
2025-07-01,BA,Nordeste,NORDESTE,2215163.897,6869723,NE,0.32245316106631955
2025-07-01,MG,Sudeste,SUDESTE / CENTRO - OESTE,5651377.688,10200792,SE,0.5540136185504028
2025-07-01,PR,Sul,SUL,3232349.28,5405571,S,0.5979662981024576
2025-07-01,RJ,Sudeste,SUDESTE / CENTRO - OESTE,2910078.918,7393334,SE,0.39360847460699055
2025-07-01,RS,Sul,SUL,2800575.702,5211846,S,0.5373481300099812
2025-07-01,SP,Sudeste,SUDESTE / CENTRO - OESTE,11593458.898,21333422,SE,0.5434411271665652
2025-08-01,BA,Nordeste,NORDESTE,2259740.07,6887433,NE,0.3280961237662856
2025-08-01,MG,Sudeste,SUDESTE / CENTRO - OESTE,5629505.232,10229455,SE,0.5503230848564269
2025-08-01,PR,Sul,SUL,3191766.2700000005,5410889,S,0.5898783490106709
2025-08-01,RJ,Sudeste,SUDESTE / CENTRO - OESTE,2945168.622,7414445,SE,0.3972203748223906
2025-08-01,RS,Sul,SUL,2744921.514,5217855,S,0.5260632029828349
2025-08-01,SP,Sudeste,SUDESTE / CENTRO - OESTE,11998508.754999999,21362826,SE,0.5616536292997939
2025-09-01,BA,Nordeste,NORDESTE,2281069.632,6902545,NE,0.3304679117629802
2025-09-01,MG,Sudeste,SUDESTE / CENTRO - OESTE,5650497.958,10257393,SE,0.550870767845202
2025-09-01,PR,Sul,SUL,3172723.2679999997,5421378,S,0.5852245071271547
2025-09-01,RJ,Sudeste,SUDESTE / CENTRO - OESTE,2989319.417,7433355,SE,0.40214942203083265
2025-09-01,RS,Sul,SUL,2651383.423,5228820,S,0.5070710835331872
2025-09-01,SP,Sudeste,SUDESTE / CENTRO - OESTE,12130603.653,21367587,SE,0.5677105071808062
2025-10-01,BA,Nordeste,NORDESTE,2222723.488,6917267,NE,0.321329722851525
2025-10-01,MG,Sudeste,SUDESTE / CENTRO - OESTE,5895978.55,10276464,SE,0.573736116819949
2025-10-01,PR,Sul,SUL,3386413.899,5429862,S,0.6236648185533997
2025-10-01,RJ,Sudeste,SUDESTE / CENTRO - OESTE,3101672.136,7415328,SE,0.41827848154525327
2025-10-01,RS,Sul,SUL,2662144.463,5238946,S,0.5081450473053167
2025-10-01,SP,Sudeste,SUDESTE / CENTRO - OESTE,12521198.042,21410773,SE,0.5848083131795382
2025-11-01,BA,Nordeste,NORDESTE,2383648.356,6929096,NE,0.34400567635374085
2025-11-01,MG,Sudeste,SUDESTE / CENTRO - OESTE,5516835.621,10283279,SE,0.5364860392293159
2025-11-01,PR,Sul,SUL,3305286.952,5438059,S,0.6078063794453131
2025-11-01,RJ,Sudeste,SUDESTE / CENTRO - OESTE,3113611.4189999998,7447749,SE,0.4180607347266939
2025-11-01,RS,Sul,SUL,2652367.489,5241599,S,0.5060225875729906
2025-11-01,SP,Sudeste,SUDESTE / CENTRO - OESTE,12569501.448,21407241,SE,0.5871612062479233
2025-12-01,BA,Nordeste,NORDESTE,2357803.737,6941933,NE,0.3396465706309756
2025-12-01,MG,Sudeste,SUDESTE / CENTRO - OESTE,5568427.379,10309547,SE,0.5401233806878226
2025-12-01,PR,Sul,SUL,3331735.3789999997,5451523,S,0.6111568049882573
2025-12-01,RJ,Sudeste,SUDESTE / CENTRO - OESTE,3343594.164,7487866,SE,0.4465349892746478
2025-12-01,RS,Sul,SUL,2949328.575,5251923,S,0.561571175929274
2025-12-01,SP,Sudeste,SUDESTE / CENTRO - OESTE,12603730.375,21475538,SE,0.5868877592263346
