fonte,ano,registros,registros_esperados,periodos_observados,periodos_esperados,valores_nulos_originais,valores_imputados,chaves_duplicadas,status
ONS,2015,1460,1460,365,365,4,4,0,OK
ONS,2016,1464,1464,366,366,0,0,0,OK
ONS,2017,1460,1460,365,365,0,0,0,OK
ONS,2018,1460,1460,365,365,0,0,0,OK
ONS,2019,1460,1460,365,365,0,0,0,OK
ONS,2020,1464,1464,366,366,0,0,0,OK
ONS,2021,1460,1460,365,365,0,0,0,OK
ONS,2022,1460,1460,365,365,0,0,0,OK
ONS,2023,1460,1460,365,365,0,0,0,OK
ONS,2024,1464,1464,366,366,0,0,0,OK
ONS,2025,1460,1460,365,365,0,0,0,OK
EPE,2015,72,72,12,12,0,0,0,OK
EPE,2016,72,72,12,12,0,0,0,OK
EPE,2017,72,72,12,12,0,0,0,OK
EPE,2018,72,72,12,12,0,0,0,OK
EPE,2019,72,72,12,12,0,0,0,OK
EPE,2020,72,72,12,12,0,0,0,OK
EPE,2021,72,72,12,12,0,0,0,OK
EPE,2022,72,72,12,12,0,0,0,OK
EPE,2023,72,72,12,12,0,0,0,OK
EPE,2024,72,72,12,12,0,0,0,OK
EPE,2025,72,72,12,12,0,0,0,OK
