ano,uf,pib_corrente_milhoes_rs,participacao_pib_pct,indice_volume_pib_2010_100,vab_corrente_milhoes_rs,fonte
2015,BA,245043.6896535631,4.086931201084414,105.19371571786455,215986.13656546938,IBGE - Contas Regionais do Brasil 2023
2015,MG,519331.2131486333,8.66160210742365,101.13326593587703,457443.0132330343,IBGE - Contas Regionais do Brasil 2023
2015,PR,376962.8216358803,6.287128305856767,104.92471158975766,326630.54966790735,IBGE - Contas Regionais do Brasil 2023
2015,RJ,659138.9518351617,10.99336837407936,104.70271814156189,556399.2225614954,IBGE - Contas Regionais do Brasil 2023
2015,RS,381992.60111789923,6.371016867642217,105.69181471808926,333417.6953202072,IBGE - Contas Regionais do Brasil 2023
2015,SP,1939901.9071274558,32.35441664501183,102.39820848785396,1626004.2074988664,IBGE - Contas Regionais do Brasil 2023
2016,BA,258738.97026121322,4.127060671593721,98.67487270906811,228329.34179769337,IBGE - Contas Regionais do Brasil 2023
2016,MG,544810.4683923044,8.690093553763726,99.11555181745094,478472.74213885807,IBGE - Contas Regionais do Brasil 2023
2016,PR,401814.1644161516,6.409206288395688,102.24330949399338,351329.55666217546,IBGE - Contas Regionais do Brasil 2023
2016,RJ,640401.2064523611,10.214830145310009,100.10532903715237,542132.6208717079,IBGE - Contas Regionais do Brasil 2023
2016,RS,408789.5280520453,6.5204680318535795,103.13655182130627,356024.9478292255,IBGE - Contas Regionais do Brasil 2023
2016,SP,2038757.3816383847,32.519552041915574,99.29829279049919,1725307.4497324128,IBGE - Contas Regionais do Brasil 2023
2017,BA,268724.09022701613,4.080554963838105,98.67905454416656,236137.9079617307,IBGE - Contas Regionais do Brasil 2023
2017,MG,576375.5446827566,8.752219006130856,100.76570419456434,505075.6118629981,IBGE - Contas Regionais do Brasil 2023
2017,PR,421497.8702223431,6.400413245905772,104.26570803551684,366028.4164868976,IBGE - Contas Regionais do Brasil 2023
2017,RJ,671605.6680538692,10.198281219238096,98.52694995403394,563487.4814884353,IBGE - Contas Regionais do Brasil 2023
2017,RS,423270.04730193055,6.4273236206801405,104.98952703228363,367103.06767015014,IBGE - Contas Regionais do Brasil 2023
2017,SP,2120761.6351115466,32.203604857164464,99.58737236358994,1786741.7885046469,IBGE - Contas Regionais do Brasil 2023
2018,BA,286239.54111111636,4.08671871555864,100.99444527025456,250533.8393053033,IBGE - Contas Regionais do Brasil 2023
2018,MG,614875.8197958455,8.778747026878031,102.10189246816078,538784.6532824738,IBGE - Contas Regionais do Brasil 2023
2018,PR,440029.4028618971,6.282417827709305,105.55578380415602,382568.1126680138,IBGE - Contas Regionais do Brasil 2023
2018,RJ,758859.0468648057,10.834434184931531,99.49090845506882,630432.5744070676,IBGE - Contas Regionais do Brasil 2023
2018,RS,457293.9575870894,6.528908506940239,107.05116751091069,396533.9135437195,IBGE - Contas Regionais do Brasil 2023
2018,SP,2210561.949477699,31.560785961871666,101.07113946187036,1852796.8972714099,IBGE - Contas Regionais do Brasil 2023
2019,BA,293240.5035845113,3.96853843279421,101.79235968106465,256468.54380177465,IBGE - Contas Regionais do Brasil 2023
2019,MG,651872.6843674732,8.822048010347535,102.09717303336207,571464.9794348787,IBGE - Contas Regionais do Brasil 2023
2019,PR,466377.036432742,6.3116628522723675,106.49895387456036,405628.78674791375,IBGE - Contas Regionais do Brasil 2023
2019,RJ,779927.9170857504,10.555069562114271,99.98711877620492,661054.2346463387,IBGE - Contas Regionais do Brasil 2023
2019,RS,482464.17747065285,6.529376424245998,108.1819128388688,420148.1013122523,IBGE - Contas Regionais do Brasil 2023
2019,SP,2348338.000290161,31.780976684405243,102.83771496824272,1975310.4842294813,IBGE - Contas Regionais do Brasil 2023
2020,BA,305320.8126871201,4.01231251388315,97.33975474427713,268226.7820777721,IBGE - Contas Regionais do Brasil 2023
2020,MG,682786.1164066787,8.972697455681054,99.04499770125939,601083.486793983,IBGE - Contas Regionais do Brasil 2023
2020,PR,487930.5937832166,6.412042500846593,104.33862589802207,426369.4532064823,IBGE - Contas Regionais do Brasil 2023
2020,RJ,753823.7106348501,9.906223820193672,97.11055875981526,654129.7019392985,IBGE - Contas Regionais do Brasil 2023
2020,RS,470941.84604946926,6.188788263680749,100.3795058386628,410001.70760539075,IBGE - Contas Regionais do Brasil 2023
2020,SP,2377638.9798452165,31.245268045664954,99.27973532255406,2014850.3083047292,IBGE - Contas Regionais do Brasil 2023
2021,BA,352617.85177356476,3.9126974671899855,100.26812625698982,307323.88480334484,IBGE - Contas Regionais do Brasil 2023
2021,MG,857593.2136551988,9.515975376943675,104.7199446274984,754065.5705296696,IBGE - Contas Regionais do Brasil 2023
2021,PR,549973.0618771347,6.1025787418477755,108.03373161397953,474589.55916791345,IBGE - Contas Regionais do Brasil 2023
2021,RJ,949300.770393716,10.533575374130995,101.38421589767626,819846.1037637815,IBGE - Contas Regionais do Brasil 2023
2021,RS,581283.6773034591,6.450005751168361,109.6937879155129,502104.4762687344,IBGE - Contas Regionais do Brasil 2023
2021,SP,2719751.2313779206,30.178743648046396,103.89815408608867,2246365.4311203207,IBGE - Contas Regionais do Brasil 2023
2022,BA,402646.60564499354,3.9946382258539797,104.49666510355384,353640.4315430689,IBGE - Contas Regionais do Brasil 2023
2022,MG,906730.6704090246,8.995632760315885,107.84690937927557,801018.7373165656,IBGE - Contas Regionais do Brasil 2023
2022,PR,614610.8483223278,6.097525607598376,109.6259494898238,537670.9238785359,IBGE - Contas Regionais do Brasil 2023
2022,RJ,1153512.1548690617,11.443940376563916,106.17651020527853,1027962.4470368268,IBGE - Contas Regionais do Brasil 2023
2022,RS,593633.6562075334,5.889411861404966,106.82836572687586,518028.0006434363,IBGE - Contas Regionais do Brasil 2023
2022,SP,3130333.202502827,31.055889941868138,107.4404638631991,2632690.9277825407,IBGE - Contas Regionais do Brasil 2023
2023,BA,430987.8531065901,3.938355556010973,106.88089718774455,381162.6649002168,IBGE - Contas Regionais do Brasil 2023
2023,MG,971977.5508849046,8.881905047330369,111.50810006836639,857717.2699772946,IBGE - Contas Regionais do Brasil 2023
2023,PR,670919.1621708988,6.130841486422354,114.34857436881549,591708.6926152247,IBGE - Contas Regionais do Brasil 2023
2023,RJ,1172871.443365969,10.717668101714635,112.17830713822158,1049547.362337163,IBGE - Contas Regionais do Brasil 2023
2023,RS,650107.0224175521,5.940660706061014,108.22808033864784,570413.3185842967,IBGE - Contas Regionais do Brasil 2023
2023,SP,3444814.0329416674,31.47861914963314,108.92661308315212,2943727.6653039474,IBGE - Contas Regionais do Brasil 2023
