ano,uf,populacao_pessoas,status_dado,fonte
2015,BA,15203334,observado,IBGE/SIDRA - Tabela 6579
2015,MG,20869101,observado,IBGE/SIDRA - Tabela 6579
2015,PR,11163018,observado,IBGE/SIDRA - Tabela 6579
2015,RJ,16550024,observado,IBGE/SIDRA - Tabela 6579
2015,RS,11247972,observado,IBGE/SIDRA - Tabela 6579
2015,SP,44396484,observado,IBGE/SIDRA - Tabela 6579
2016,BA,15276566,observado,IBGE/SIDRA - Tabela 6579
2016,MG,20997560,observado,IBGE/SIDRA - Tabela 6579
2016,PR,11242720,observado,IBGE/SIDRA - Tabela 6579
2016,RJ,16635996,observado,IBGE/SIDRA - Tabela 6579
2016,RS,11286500,observado,IBGE/SIDRA - Tabela 6579
2016,SP,44749699,observado,IBGE/SIDRA - Tabela 6579
2017,BA,15344447,observado,IBGE/SIDRA - Tabela 6579
2017,MG,21119536,observado,IBGE/SIDRA - Tabela 6579
2017,PR,11320892,observado,IBGE/SIDRA - Tabela 6579
2017,RJ,16718956,observado,IBGE/SIDRA - Tabela 6579
2017,RS,11322895,observado,IBGE/SIDRA - Tabela 6579
2017,SP,45094866,observado,IBGE/SIDRA - Tabela 6579
2018,BA,14812617,observado,IBGE/SIDRA - Tabela 6579
2018,MG,21040662,observado,IBGE/SIDRA - Tabela 6579
2018,PR,11348937,observado,IBGE/SIDRA - Tabela 6579
2018,RJ,17159960,observado,IBGE/SIDRA - Tabela 6579
2018,RS,11329605,observado,IBGE/SIDRA - Tabela 6579
2018,SP,45538936,observado,IBGE/SIDRA - Tabela 6579
2019,BA,14873064,observado,IBGE/SIDRA - Tabela 6579
2019,MG,21168791,observado,IBGE/SIDRA - Tabela 6579
2019,PR,11433957,observado,IBGE/SIDRA - Tabela 6579
2019,RJ,17264943,observado,IBGE/SIDRA - Tabela 6579
2019,RS,11377239,observado,IBGE/SIDRA - Tabela 6579
2019,SP,45919049,observado,IBGE/SIDRA - Tabela 6579
2020,BA,14930634,observado,IBGE/SIDRA - Tabela 6579
2020,MG,21292666,observado,IBGE/SIDRA - Tabela 6579
2020,PR,11516840,observado,IBGE/SIDRA - Tabela 6579
2020,RJ,17366189,observado,IBGE/SIDRA - Tabela 6579
2020,RS,11422973,observado,IBGE/SIDRA - Tabela 6579
2020,SP,46289333,observado,IBGE/SIDRA - Tabela 6579
2021,BA,14985284,observado,IBGE/SIDRA - Tabela 6579
2021,MG,21411923,observado,IBGE/SIDRA - Tabela 6579
2021,PR,11597484,observado,IBGE/SIDRA - Tabela 6579
2021,RJ,17463349,observado,IBGE/SIDRA - Tabela 6579
2021,RS,11466630,observado,IBGE/SIDRA - Tabela 6579
2021,SP,46649132,observado,IBGE/SIDRA - Tabela 6579
2022,BA,,ausente_na_fonte,IBGE/SIDRA - Tabela 6579
2022,MG,,ausente_na_fonte,IBGE/SIDRA - Tabela 6579
2022,PR,,ausente_na_fonte,IBGE/SIDRA - Tabela 6579
2022,RJ,,ausente_na_fonte,IBGE/SIDRA - Tabela 6579
2022,RS,,ausente_na_fonte,IBGE/SIDRA - Tabela 6579
2022,SP,,ausente_na_fonte,IBGE/SIDRA - Tabela 6579
2023,BA,,ausente_na_fonte,IBGE/SIDRA - Tabela 6579
2023,MG,,ausente_na_fonte,IBGE/SIDRA - Tabela 6579
2023,PR,,ausente_na_fonte,IBGE/SIDRA - Tabela 6579
2023,RJ,,ausente_na_fonte,IBGE/SIDRA - Tabela 6579
2023,RS,,ausente_na_fonte,IBGE/SIDRA - Tabela 6579
2023,SP,,ausente_na_fonte,IBGE/SIDRA - Tabela 6579
2024,BA,14850513,observado,IBGE/SIDRA - Tabela 6579
2024,MG,21322691,observado,IBGE/SIDRA - Tabela 6579
2024,PR,11824665,observado,IBGE/SIDRA - Tabela 6579
2024,RJ,17219679,observado,IBGE/SIDRA - Tabela 6579
2024,RS,11229915,observado,IBGE/SIDRA - Tabela 6579
2024,SP,45973194,observado,IBGE/SIDRA - Tabela 6579
2025,BA,14870907,observado,IBGE/SIDRA - Tabela 6579
2025,MG,21393441,observado,IBGE/SIDRA - Tabela 6579
2025,PR,11890517,observado,IBGE/SIDRA - Tabela 6579
2025,RJ,17223547,observado,IBGE/SIDRA - Tabela 6579
2025,RS,11233263,observado,IBGE/SIDRA - Tabela 6579
2025,SP,46081801,observado,IBGE/SIDRA - Tabela 6579
